host: chenlab
Building DAG of jobs...
MissingInputException in rule validate in file /public/group_data_2023/xiaoyn/Sprime-workflow-main/Sprime-workflow-main/workflow/rules/validate.smk, line 2:
Missing input files for rule validate:
    output: qc/validation.tsv, run_info.json
    affected files:
        /public/group_data_2023/xiaoyn/Data_Denisovan/Denisovan/gz/chr16.vcf.gz
        /public/group_data_2023/xiaoyn/Data_1KGP/chr22.vcf.gz
        /public/group_data_2023/xiaoyn/Data_Denisovan/Denisovan/gz/chr6.vcf.gz
        /public/group_data_2023/xiaoyn/Data_Denisovan/Denisovan/gz/chr22.vcf.gz
        /home/xiaoyn/Data/GRCh37map/plink.all.GRch37.map
        /public/group_data_2023/xiaoyn/Data_1KGP/chr5.vcf.gz
        /public/group_data_2023/xiaoyn/Data_Denisovan/Denisovan/gz/chr11.vcf.gz
        /public/group_data_2023/xiaoyn/Data_1KGP/chr15.vcf.gz
        /public/group_data_2023/xiaoyn/Data_Denisovan/Denisovan/gz/chr17.vcf.gz
        /public/group_data_2023/xiaoyn/Data_Denisovan/Denisovan/gz/chr12.vcf.gz
        /public/group_data_2023/xiaoyn/Data_Denisovan/Denisovan/gz/chr15.vcf.gz
        /public/group_data_2023/xiaoyn/Data_1KGP/chr4.vcf.gz
        /public/group_data_2023/xiaoyn/Data_1KGP/chr13.vcf.gz
        /public/group_data_2023/xiaoyn/Data_1KGP/chr10.vcf.gz
        /public/group_data_2023/xiaoyn/Data_1KGP/chr11.vcf.gz
        /public/group_data_2023/xiaoyn/Data_Denisovan/Denisovan/gz/chr13.vcf.gz
        /public/group_data_2023/xiaoyn/Data_Denisovan/Denisovan/gz/chr19.vcf.gz
        /public/group_data_2023/xiaoyn/Data_Denisovan/Denisovan/gz/chr20.vcf.gz
        /public/group_data_2023/xiaoyn/Data_1KGP/chr20.vcf.gz
        /public/group_data_2023/xiaoyn/Data_Denisovan/Denisovan/gz/chr9.vcf.gz
        /public/group_data_2023/xiaoyn/Data_1KGP/chr7.vcf.gz
        /public/group_data_2023/xiaoyn/Data_1KGP/chr9.vcf.gz
        /public/group_data_2023/xiaoyn/Data_Denisovan/Denisovan/gz/chr2.vcf.gz
        /public/group_data_2023/xiaoyn/Data_1KGP/chr18.vcf.gz
        /public/group_data_2023/xiaoyn/Data_Denisovan/Denisovan/gz/chr21.vcf.gz
        /public/group_data_2023/xiaoyn/Data_Denisovan/Denisovan/gz/chr10.vcf.gz
        /public/group_data_2023/xiaoyn/Data_Denisovan/Denisovan/gz/chr5.vcf.gz
        /public/group_data_2023/xiaoyn/Data_Denisovan/Denisovan/gz/chr8.vcf.gz
        /public/group_data_2023/xiaoyn/Data_1KGP/chr12.vcf.gz
        /public/group_data_2023/xiaoyn/Data_1KGP/chr16.vcf.gz
        /public/group_data_2023/xiaoyn/Data_1KGP/chr14.vcf.gz
        /public/group_data_2023/xiaoyn/Data_1KGP/chr19.vcf.gz
        /public/group_data_2023/xiaoyn/Data_1KGP/chr3.vcf.gz
        /public/group_data_2023/xiaoyn/Data_1KGP/chr1.vcf.gz
        /public/group_data_2023/xiaoyn/Data_Denisovan/Denisovan/gz/chr1.vcf.gz
        /public/group_data_2023/xiaoyn/Data_Denisovan/Denisovan/gz/chr18.vcf.gz
        /public/group_data_2023/xiaoyn/Data_Denisovan/Denisovan/gz/chr4.vcf.gz
        /public/group_data_2023/xiaoyn/Data_1KGP/chr6.vcf.gz
        /public/group_data_2023/xiaoyn/Data_Denisovan/Denisovan/gz/chr3.vcf.gz
        /public/group_data_2023/xiaoyn/Data_1KGP/chr2.vcf.gz
        /public/group_data_2023/xiaoyn/Data_1KGP/chr21.vcf.gz
        /public/group_data_2023/xiaoyn/Data_Denisovan/Denisovan/gz/chr7.vcf.gz
        /public/group_data_2023/xiaoyn/Data_1KGP/chr17.vcf.gz
        /public/group_data_2023/xiaoyn/Data_1KGP/chr8.vcf.gz
        /public/group_data_2023/xiaoyn/Data_Denisovan/Denisovan/gz/chr14.vcf.gz
host: chenlab
Building DAG of jobs...
MissingInputException in rule validate in file /public/group_data_2023/xiaoyn/Sprime-workflow-main/Sprime-workflow-main/workflow/rules/validate.smk, line 2:
Missing input files for rule validate:
    output: qc/validation.tsv, run_info.json
    affected files:
        /public/group_data_2023/xiaoyn/Data_Denisovan/Denisovan_13/gz/chr15.vcf.gz
        /public/group_data_2023/xiaoyn/Data_Denisovan/Denisovan_13/FilterBed/chr13_mask.bed.gz
        /public/group_data_2023/xiaoyn/Data_Denisovan/Denisovan_13/FilterBed/chr6_mask.bed.gz
        /public/group_data_2023/xiaoyn/Data_Denisovan/Denisovan_13/gz/chr14.vcf.gz
        /public/group_data_2023/xiaoyn/Data_Denisovan/Denisovan_13/gz/chr13.vcf.gz
        /public/group_data_2023/xiaoyn/Data_Denisovan/Denisovan_13/FilterBed/chr9_mask.bed.gz
        /public/group_data_2023/xiaoyn/Data_Denisovan/Denisovan_13/gz/chr6.vcf.gz
        /public/group_data_2023/xiaoyn/Data_Denisovan/Denisovan_13/gz/chr11.vcf.gz
        /public/group_data_2023/xiaoyn/Data_Denisovan/Denisovan_13/gz/chr8.vcf.gz
        /public/group_data_2023/xiaoyn/Data_Denisovan/Denisovan_13/FilterBed/chr8_mask.bed.gz
        /public/group_data_2023/xiaoyn/Data_Denisovan/Denisovan_13/gz/chr21.vcf.gz
        /public/group_data_2023/xiaoyn/Data_Denisovan/Denisovan_13/gz/chr22.vcf.gz
        /public/group_data_2023/xiaoyn/Data_Denisovan/Denisovan_13/FilterBed/chr19_mask.bed.gz
        /public/group_data_2023/xiaoyn/Data_Denisovan/Denisovan_13/gz/chr4.vcf.gz
        /public/group_data_2023/xiaoyn/Data_Denisovan/Denisovan_13/FilterBed/chr15_mask.bed.gz
        /public/group_data_2023/xiaoyn/Data_Denisovan/Denisovan_13/FilterBed/chr1_mask.bed.gz
        /public/group_data_2023/xiaoyn/Data_Denisovan/Denisovan_13/FilterBed/chr14_mask.bed.gz
        /public/group_data_2023/xiaoyn/Data_Denisovan/Denisovan_13/gz/chr17.vcf.gz
        /public/group_data_2023/xiaoyn/Data_Denisovan/Denisovan_13/gz/chr5.vcf.gz
        /public/group_data_2023/xiaoyn/Data_Denisovan/Denisovan_13/FilterBed/chr18_mask.bed.gz
        /public/group_data_2023/xiaoyn/Data_Denisovan/Denisovan_13/FilterBed/chr12_mask.bed.gz
        /public/group_data_2023/xiaoyn/Data_Denisovan/Denisovan_13/gz/chr7.vcf.gz
        /public/group_data_2023/xiaoyn/Data_Denisovan/Denisovan_13/gz/chr9.vcf.gz
        /public/group_data_2023/xiaoyn/Data_Denisovan/Denisovan_13/FilterBed/chr5_mask.bed.gz
        /public/group_data_2023/xiaoyn/Data_Denisovan/Denisovan_13/FilterBed/chr7_mask.bed.gz
        /public/group_data_2023/xiaoyn/Data_Denisovan/Denisovan_13/FilterBed/chr16_mask.bed.gz
        /public/group_data_2023/xiaoyn/Data_Denisovan/Denisovan_13/gz/chr1.vcf.gz
        /public/group_data_2023/xiaoyn/Data_Denisovan/Denisovan_13/FilterBed/chr4_mask.bed.gz
        /public/group_data_2023/xiaoyn/Data_Denisovan/Denisovan_13/gz/chr16.vcf.gz
        /public/group_data_2023/xiaoyn/Data_Denisovan/Denisovan_13/gz/chr19.vcf.gz
        /public/group_data_2023/xiaoyn/Data_Denisovan/Denisovan_13/gz/chr3.vcf.gz
        /public/group_data_2023/xiaoyn/Data_Denisovan/Denisovan_13/FilterBed/chr2_mask.bed.gz
        /public/group_data_2023/xiaoyn/Data_Denisovan/Denisovan_13/gz/chr18.vcf.gz
        /public/group_data_2023/xiaoyn/Data_Denisovan/Denisovan_13/FilterBed/chr20_mask.bed.gz
        /public/group_data_2023/xiaoyn/Data_Denisovan/Denisovan_13/FilterBed/chr3_mask.bed.gz
        /public/group_data_2023/xiaoyn/Data_Denisovan/Denisovan_13/FilterBed/chr22_mask.bed.gz
        /public/group_data_2023/xiaoyn/Data_Denisovan/Denisovan_13/FilterBed/chr17_mask.bed.gz
        /public/group_data_2023/xiaoyn/Data_Denisovan/Denisovan_13/FilterBed/chr21_mask.bed.gz
        /public/group_data_2023/xiaoyn/Data_Denisovan/Denisovan_13/gz/chr10.vcf.gz
        /public/group_data_2023/xiaoyn/Data_Denisovan/Denisovan_13/FilterBed/chr11_mask.bed.gz
        /public/group_data_2023/xiaoyn/Data_Denisovan/Denisovan_13/gz/chr12.vcf.gz
        /public/group_data_2023/xiaoyn/Data_Denisovan/Denisovan_13/gz/chr20.vcf.gz
        /public/group_data_2023/xiaoyn/Data_Denisovan/Denisovan_13/FilterBed/chr10_mask.bed.gz
        /public/group_data_2023/xiaoyn/Data_Denisovan/Denisovan_13/gz/chr2.vcf.gz
host: chenlab
Building DAG of jobs...
Job stats:
job                   count
------------------  -------
all                       1
archaic_match            66
classify                  1
collect_gmm               1
collect_individual        1
collect_tables            1
compile_map_arch          1
concat                    1
contour                   1
fit_gmm                   2
gmm_input                 1
individual_chr           22
individual_pop            1
prepare_gmm_base          1
samples                   1
sprime                   22
subset                   22
summarize                 1
validate                  1
total                   148


[Wed Sep  9 17:58:30 2026]
rule compile_map_arch:
    input: /public/group_data_2023/xiaoyn/Sprime-workflow-main/Sprime-workflow-main/tools/map_arch/map_arch.v2.c, /public/group_data_2023/xiaoyn/Sprime-workflow-main/Sprime-workflow-main/tools/map_arch/makefile
    output: /public/group_data_2023/xiaoyn/Sprime-workflow-main/Sprime-workflow-main/tools/map_arch/map_arch
    log: logs/compile_map_arch.log
    jobid: 9
    reason: Updated input files: /public/group_data_2023/xiaoyn/Sprime-workflow-main/Sprime-workflow-main/tools/map_arch/map_arch.v2.c
    resources: tmpdir=<TBD>

[Wed Sep  9 17:58:30 2026]
rule validate:
    input: /public/group_data_2023/xiaoyn/Sprime-workflow-main/Sprime-workflow-main/config/samples-test.tsv, /public/group_data_2023/xiaoyn/Data_map/GRCh37map/plink.all.GRch37.map, /public/group_data_2023/xiaoyn/Sprime-workflow-main/Sprime-workflow-main/tools/sprime.jar, /public/group_data_2023/xiaoyn/Sprime-workflow-main/Sprime-workflow-main/tools/map_arch/map_arch, /public/group_data_2023/xiaoyn/Data_1KGP/chrom_1.vcf.gz, /public/group_data_2023/xiaoyn/Data_1KGP/chrom_10.vcf.gz, /public/group_data_2023/xiaoyn/Data_1KGP/chrom_11.vcf.gz, /public/group_data_2023/xiaoyn/Data_1KGP/chrom_12.vcf.gz, /public/group_data_2023/xiaoyn/Data_1KGP/chrom_13.vcf.gz, /public/group_data_2023/xiaoyn/Data_1KGP/chrom_14.vcf.gz, /public/group_data_2023/xiaoyn/Data_1KGP/chrom_15.vcf.gz, /public/group_data_2023/xiaoyn/Data_1KGP/chrom_16.vcf.gz, /public/group_data_2023/xiaoyn/Data_1KGP/chrom_17.vcf.gz, /public/group_data_2023/xiaoyn/Data_1KGP/chrom_18.vcf.gz, /public/group_data_2023/xiaoyn/Data_1KGP/chrom_19.vcf.gz, /public/group_data_2023/xiaoyn/Data_1KGP/chrom_2.vcf.gz, /public/group_data_2023/xiaoyn/Data_1KGP/chrom_20.vcf.gz, /public/group_data_2023/xiaoyn/Data_1KGP/chrom_21.vcf.gz, /public/group_data_2023/xiaoyn/Data_1KGP/chrom_22.vcf.gz, /public/group_data_2023/xiaoyn/Data_1KGP/chrom_3.vcf.gz, /public/group_data_2023/xiaoyn/Data_1KGP/chrom_4.vcf.gz, /public/group_data_2023/xiaoyn/Data_1KGP/chrom_5.vcf.gz, /public/group_data_2023/xiaoyn/Data_1KGP/chrom_6.vcf.gz, /public/group_data_2023/xiaoyn/Data_1KGP/chrom_7.vcf.gz, /public/group_data_2023/xiaoyn/Data_1KGP/chrom_8.vcf.gz, /public/group_data_2023/xiaoyn/Data_1KGP/chrom_9.vcf.gz, /public/group_data_2023/wangc/Data/Archaic_data/denisova25/FilterBed/Denisova25.chr1.hg19.L35MQ25.map35_100.GCcov.noSimpleRepeat.noIndel.min10x.bed.gz, /public/group_data_2023/wangc/Data/Archaic_data/denisova25/FilterBed/Denisova25.chr10.hg19.L35MQ25.map35_100.GCcov.noSimpleRepeat.noIndel.min10x.bed.gz, /public/group_data_2023/wangc/Data/Archaic_data/denisova25/FilterBed/Denisova25.chr11.hg19.L35MQ25.map35_100.GCcov.noSimpleRepeat.noIndel.min10x.bed.gz, /public/group_data_2023/wangc/Data/Archaic_data/denisova25/FilterBed/Denisova25.chr12.hg19.L35MQ25.map35_100.GCcov.noSimpleRepeat.noIndel.min10x.bed.gz, /public/group_data_2023/wangc/Data/Archaic_data/denisova25/FilterBed/Denisova25.chr13.hg19.L35MQ25.map35_100.GCcov.noSimpleRepeat.noIndel.min10x.bed.gz, /public/group_data_2023/wangc/Data/Archaic_data/denisova25/FilterBed/Denisova25.chr14.hg19.L35MQ25.map35_100.GCcov.noSimpleRepeat.noIndel.min10x.bed.gz, /public/group_data_2023/wangc/Data/Archaic_data/denisova25/FilterBed/Denisova25.chr15.hg19.L35MQ25.map35_100.GCcov.noSimpleRepeat.noIndel.min10x.bed.gz, /public/group_data_2023/wangc/Data/Archaic_data/denisova25/FilterBed/Denisova25.chr16.hg19.L35MQ25.map35_100.GCcov.noSimpleRepeat.noIndel.min10x.bed.gz, /public/group_data_2023/wangc/Data/Archaic_data/denisova25/FilterBed/Denisova25.chr17.hg19.L35MQ25.map35_100.GCcov.noSimpleRepeat.noIndel.min10x.bed.gz, /public/group_data_2023/wangc/Data/Archaic_data/denisova25/FilterBed/Denisova25.chr18.hg19.L35MQ25.map35_100.GCcov.noSimpleRepeat.noIndel.min10x.bed.gz, /public/group_data_2023/wangc/Data/Archaic_data/denisova25/FilterBed/Denisova25.chr19.hg19.L35MQ25.map35_100.GCcov.noSimpleRepeat.noIndel.min10x.bed.gz, /public/group_data_2023/wangc/Data/Archaic_data/denisova25/FilterBed/Denisova25.chr2.hg19.L35MQ25.map35_100.GCcov.noSimpleRepeat.noIndel.min10x.bed.gz, /public/group_data_2023/wangc/Data/Archaic_data/denisova25/FilterBed/Denisova25.chr20.hg19.L35MQ25.map35_100.GCcov.noSimpleRepeat.noIndel.min10x.bed.gz, /public/group_data_2023/wangc/Data/Archaic_data/denisova25/FilterBed/Denisova25.chr21.hg19.L35MQ25.map35_100.GCcov.noSimpleRepeat.noIndel.min10x.bed.gz, /public/group_data_2023/wangc/Data/Archaic_data/denisova25/FilterBed/Denisova25.chr22.hg19.L35MQ25.map35_100.GCcov.noSimpleRepeat.noIndel.min10x.bed.gz, /public/group_data_2023/wangc/Data/Archaic_data/denisova25/FilterBed/Denisova25.chr3.hg19.L35MQ25.map35_100.GCcov.noSimpleRepeat.noIndel.min10x.bed.gz, /public/group_data_2023/wangc/Data/Archaic_data/denisova25/FilterBed/Denisova25.chr4.hg19.L35MQ25.map35_100.GCcov.noSimpleRepeat.noIndel.min10x.bed.gz, /public/group_data_2023/wangc/Data/Archaic_data/denisova25/FilterBed/Denisova25.chr5.hg19.L35MQ25.map35_100.GCcov.noSimpleRepeat.noIndel.min10x.bed.gz, /public/group_data_2023/wangc/Data/Archaic_data/denisova25/FilterBed/Denisova25.chr6.hg19.L35MQ25.map35_100.GCcov.noSimpleRepeat.noIndel.min10x.bed.gz, /public/group_data_2023/wangc/Data/Archaic_data/denisova25/FilterBed/Denisova25.chr7.hg19.L35MQ25.map35_100.GCcov.noSimpleRepeat.noIndel.min10x.bed.gz, /public/group_data_2023/wangc/Data/Archaic_data/denisova25/FilterBed/Denisova25.chr8.hg19.L35MQ25.map35_100.GCcov.noSimpleRepeat.noIndel.min10x.bed.gz, /public/group_data_2023/wangc/Data/Archaic_data/denisova25/FilterBed/Denisova25.chr9.hg19.L35MQ25.map35_100.GCcov.noSimpleRepeat.noIndel.min10x.bed.gz, /public/group_data_2023/wangc/Data/Archaic_data/denisova25/chr1.Den25.L35MQ25.B30.map35_100.vcf.gz, /public/group_data_2023/wangc/Data/Archaic_data/denisova25/chr10.Den25.L35MQ25.B30.map35_100.vcf.gz, /public/group_data_2023/wangc/Data/Archaic_data/denisova25/chr11.Den25.L35MQ25.B30.map35_100.vcf.gz, /public/group_data_2023/wangc/Data/Archaic_data/denisova25/chr12.Den25.L35MQ25.B30.map35_100.vcf.gz, /public/group_data_2023/wangc/Data/Archaic_data/denisova25/chr13.Den25.L35MQ25.B30.map35_100.vcf.gz, /public/group_data_2023/wangc/Data/Archaic_data/denisova25/chr14.Den25.L35MQ25.B30.map35_100.vcf.gz, /public/group_data_2023/wangc/Data/Archaic_data/denisova25/chr15.Den25.L35MQ25.B30.map35_100.vcf.gz, /public/group_data_2023/wangc/Data/Archaic_data/denisova25/chr16.Den25.L35MQ25.B30.map35_100.vcf.gz, /public/group_data_2023/wangc/Data/Archaic_data/denisova25/chr17.Den25.L35MQ25.B30.map35_100.vcf.gz, /public/group_data_2023/wangc/Data/Archaic_data/denisova25/chr18.Den25.L35MQ25.B30.map35_100.vcf.gz, /public/group_data_2023/wangc/Data/Archaic_data/denisova25/chr19.Den25.L35MQ25.B30.map35_100.vcf.gz, /public/group_data_2023/wangc/Data/Archaic_data/denisova25/chr2.Den25.L35MQ25.B30.map35_100.vcf.gz, /public/group_data_2023/wangc/Data/Archaic_data/denisova25/chr20.Den25.L35MQ25.B30.map35_100.vcf.gz, /public/group_data_2023/wangc/Data/Archaic_data/denisova25/chr21.Den25.L35MQ25.B30.map35_100.vcf.gz, /public/group_data_2023/wangc/Data/Archaic_data/denisova25/chr22.Den25.L35MQ25.B30.map35_100.vcf.gz, /public/group_data_2023/wangc/Data/Archaic_data/denisova25/chr3.Den25.L35MQ25.B30.map35_100.vcf.gz, /public/group_data_2023/wangc/Data/Archaic_data/denisova25/chr4.Den25.L35MQ25.B30.map35_100.vcf.gz, /public/group_data_2023/wangc/Data/Archaic_data/denisova25/chr5.Den25.L35MQ25.B30.map35_100.vcf.gz, /public/group_data_2023/wangc/Data/Archaic_data/denisova25/chr6.Den25.L35MQ25.B30.map35_100.vcf.gz, /public/group_data_2023/wangc/Data/Archaic_data/denisova25/chr7.Den25.L35MQ25.B30.map35_100.vcf.gz, /public/group_data_2023/wangc/Data/Archaic_data/denisova25/chr8.Den25.L35MQ25.B30.map35_100.vcf.gz, /public/group_data_2023/wangc/Data/Archaic_data/denisova25/chr9.Den25.L35MQ25.B30.map35_100.vcf.gz, /public/group_data_2023/xiaoyn/Data_Denisovan/Denisovan/FilterBed/chr10_mask.bed.gz, /public/group_data_2023/xiaoyn/Data_Denisovan/Denisovan/FilterBed/chr11_mask.bed.gz, /public/group_data_2023/xiaoyn/Data_Denisovan/Denisovan/FilterBed/chr12_mask.bed.gz, /public/group_data_2023/xiaoyn/Data_Denisovan/Denisovan/FilterBed/chr13_mask.bed.gz, /public/group_data_2023/xiaoyn/Data_Denisovan/Denisovan/FilterBed/chr14_mask.bed.gz, /public/group_data_2023/xiaoyn/Data_Denisovan/Denisovan/FilterBed/chr15_mask.bed.gz, /public/group_data_2023/xiaoyn/Data_Denisovan/Denisovan/FilterBed/chr16_mask.bed.gz, /public/group_data_2023/xiaoyn/Data_Denisovan/Denisovan/FilterBed/chr17_mask.bed.gz, /public/group_data_2023/xiaoyn/Data_Denisovan/Denisovan/FilterBed/chr18_mask.bed.gz, /public/group_data_2023/xiaoyn/Data_Denisovan/Denisovan/FilterBed/chr19_mask.bed.gz, /public/group_data_2023/xiaoyn/Data_Denisovan/Denisovan/FilterBed/chr1_mask.bed.gz, /public/group_data_2023/xiaoyn/Data_Denisovan/Denisovan/FilterBed/chr20_mask.bed.gz, /public/group_data_2023/xiaoyn/Data_Denisovan/Denisovan/FilterBed/chr21_mask.bed.gz, /public/group_data_2023/xiaoyn/Data_Denisovan/Denisovan/FilterBed/chr22_mask.bed.gz, /public/group_data_2023/xiaoyn/Data_Denisovan/Denisovan/FilterBed/chr2_mask.bed.gz, /public/group_data_2023/xiaoyn/Data_Denisovan/Denisovan/FilterBed/chr3_mask.bed.gz, /public/group_data_2023/xiaoyn/Data_Denisovan/Denisovan/FilterBed/chr4_mask.bed.gz, /public/group_data_2023/xiaoyn/Data_Denisovan/Denisovan/FilterBed/chr5_mask.bed.gz, /public/group_data_2023/xiaoyn/Data_Denisovan/Denisovan/FilterBed/chr6_mask.bed.gz, /public/group_data_2023/xiaoyn/Data_Denisovan/Denisovan/FilterBed/chr7_mask.bed.gz, /public/group_data_2023/xiaoyn/Data_Denisovan/Denisovan/FilterBed/chr8_mask.bed.gz, /public/group_data_2023/xiaoyn/Data_Denisovan/Denisovan/FilterBed/chr9_mask.bed.gz, /public/group_data_2023/xiaoyn/Data_Denisovan/Denisovan/chr_1.vcf.gz, /public/group_data_2023/xiaoyn/Data_Denisovan/Denisovan/chr_10.vcf.gz, /public/group_data_2023/xiaoyn/Data_Denisovan/Denisovan/chr_11.vcf.gz, /public/group_data_2023/xiaoyn/Data_Denisovan/Denisovan/chr_12.vcf.gz, /public/group_data_2023/xiaoyn/Data_Denisovan/Denisovan/chr_13.vcf.gz, /public/group_data_2023/xiaoyn/Data_Denisovan/Denisovan/chr_14.vcf.gz, /public/group_data_2023/xiaoyn/Data_Denisovan/Denisovan/chr_15.vcf.gz, /public/group_data_2023/xiaoyn/Data_Denisovan/Denisovan/chr_16.vcf.gz, /public/group_data_2023/xiaoyn/Data_Denisovan/Denisovan/chr_17.vcf.gz, /public/group_data_2023/xiaoyn/Data_Denisovan/Denisovan/chr_18.vcf.gz, /public/group_data_2023/xiaoyn/Data_Denisovan/Denisovan/chr_19.vcf.gz, /public/group_data_2023/xiaoyn/Data_Denisovan/Denisovan/chr_2.vcf.gz, /public/group_data_2023/xiaoyn/Data_Denisovan/Denisovan/chr_20.vcf.gz, /public/group_data_2023/xiaoyn/Data_Denisovan/Denisovan/chr_21.vcf.gz, /public/group_data_2023/xiaoyn/Data_Denisovan/Denisovan/chr_22.vcf.gz, /public/group_data_2023/xiaoyn/Data_Denisovan/Denisovan/chr_3.vcf.gz, /public/group_data_2023/xiaoyn/Data_Denisovan/Denisovan/chr_4.vcf.gz, /public/group_data_2023/xiaoyn/Data_Denisovan/Denisovan/chr_5.vcf.gz, /public/group_data_2023/xiaoyn/Data_Denisovan/Denisovan/chr_6.vcf.gz, /public/group_data_2023/xiaoyn/Data_Denisovan/Denisovan/chr_7.vcf.gz, /public/group_data_2023/xiaoyn/Data_Denisovan/Denisovan/chr_8.vcf.gz, /public/group_data_2023/xiaoyn/Data_Denisovan/Denisovan/chr_9.vcf.gz, /public/group_data_2023/xiaoyn/Data_Nean/Data_Altai_16/FilterBed/chr10_mask.bed.gz, /public/group_data_2023/xiaoyn/Data_Nean/Data_Altai_16/FilterBed/chr11_mask.bed.gz, /public/group_data_2023/xiaoyn/Data_Nean/Data_Altai_16/FilterBed/chr12_mask.bed.gz, /public/group_data_2023/xiaoyn/Data_Nean/Data_Altai_16/FilterBed/chr13_mask.bed.gz, /public/group_data_2023/xiaoyn/Data_Nean/Data_Altai_16/FilterBed/chr14_mask.bed.gz, /public/group_data_2023/xiaoyn/Data_Nean/Data_Altai_16/FilterBed/chr15_mask.bed.gz, /public/group_data_2023/xiaoyn/Data_Nean/Data_Altai_16/FilterBed/chr16_mask.bed.gz, /public/group_data_2023/xiaoyn/Data_Nean/Data_Altai_16/FilterBed/chr17_mask.bed.gz, /public/group_data_2023/xiaoyn/Data_Nean/Data_Altai_16/FilterBed/chr18_mask.bed.gz, /public/group_data_2023/xiaoyn/Data_Nean/Data_Altai_16/FilterBed/chr19_mask.bed.gz, /public/group_data_2023/xiaoyn/Data_Nean/Data_Altai_16/FilterBed/chr1_mask.bed.gz, /public/group_data_2023/xiaoyn/Data_Nean/Data_Altai_16/FilterBed/chr20_mask.bed.gz, /public/group_data_2023/xiaoyn/Data_Nean/Data_Altai_16/FilterBed/chr21_mask.bed.gz, /public/group_data_2023/xiaoyn/Data_Nean/Data_Altai_16/FilterBed/chr22_mask.bed.gz, /public/group_data_2023/xiaoyn/Data_Nean/Data_Altai_16/FilterBed/chr2_mask.bed.gz, /public/group_data_2023/xiaoyn/Data_Nean/Data_Altai_16/FilterBed/chr3_mask.bed.gz, /public/group_data_2023/xiaoyn/Data_Nean/Data_Altai_16/FilterBed/chr4_mask.bed.gz, /public/group_data_2023/xiaoyn/Data_Nean/Data_Altai_16/FilterBed/chr5_mask.bed.gz, /public/group_data_2023/xiaoyn/Data_Nean/Data_Altai_16/FilterBed/chr6_mask.bed.gz, /public/group_data_2023/xiaoyn/Data_Nean/Data_Altai_16/FilterBed/chr7_mask.bed.gz, /public/group_data_2023/xiaoyn/Data_Nean/Data_Altai_16/FilterBed/chr8_mask.bed.gz, /public/group_data_2023/xiaoyn/Data_Nean/Data_Altai_16/FilterBed/chr9_mask.bed.gz, /public/group_data_2023/xiaoyn/Data_Nean/Data_Altai_16/gz/chr1.vcf.gz, /public/group_data_2023/xiaoyn/Data_Nean/Data_Altai_16/gz/chr10.vcf.gz, /public/group_data_2023/xiaoyn/Data_Nean/Data_Altai_16/gz/chr11.vcf.gz, /public/group_data_2023/xiaoyn/Data_Nean/Data_Altai_16/gz/chr12.vcf.gz, /public/group_data_2023/xiaoyn/Data_Nean/Data_Altai_16/gz/chr13.vcf.gz, /public/group_data_2023/xiaoyn/Data_Nean/Data_Altai_16/gz/chr14.vcf.gz, /public/group_data_2023/xiaoyn/Data_Nean/Data_Altai_16/gz/chr15.vcf.gz, /public/group_data_2023/xiaoyn/Data_Nean/Data_Altai_16/gz/chr16.vcf.gz, /public/group_data_2023/xiaoyn/Data_Nean/Data_Altai_16/gz/chr17.vcf.gz, /public/group_data_2023/xiaoyn/Data_Nean/Data_Altai_16/gz/chr18.vcf.gz, /public/group_data_2023/xiaoyn/Data_Nean/Data_Altai_16/gz/chr19.vcf.gz, /public/group_data_2023/xiaoyn/Data_Nean/Data_Altai_16/gz/chr2.vcf.gz, /public/group_data_2023/xiaoyn/Data_Nean/Data_Altai_16/gz/chr20.vcf.gz, /public/group_data_2023/xiaoyn/Data_Nean/Data_Altai_16/gz/chr21.vcf.gz, /public/group_data_2023/xiaoyn/Data_Nean/Data_Altai_16/gz/chr22.vcf.gz, /public/group_data_2023/xiaoyn/Data_Nean/Data_Altai_16/gz/chr3.vcf.gz, /public/group_data_2023/xiaoyn/Data_Nean/Data_Altai_16/gz/chr4.vcf.gz, /public/group_data_2023/xiaoyn/Data_Nean/Data_Altai_16/gz/chr5.vcf.gz, /public/group_data_2023/xiaoyn/Data_Nean/Data_Altai_16/gz/chr6.vcf.gz, /public/group_data_2023/xiaoyn/Data_Nean/Data_Altai_16/gz/chr7.vcf.gz, /public/group_data_2023/xiaoyn/Data_Nean/Data_Altai_16/gz/chr8.vcf.gz, /public/group_data_2023/xiaoyn/Data_Nean/Data_Altai_16/gz/chr9.vcf.gz
    output: qc/validation.tsv, run_info.json
    log: logs/validate.log
    jobid: 8
    reason: Missing output files: qc/validation.tsv; Input files updated by another job: /public/group_data_2023/xiaoyn/Sprime-workflow-main/Sprime-workflow-main/tools/map_arch/map_arch
    resources: tmpdir=<TBD>

[Wed Sep  9 17:58:30 2026]
rule samples:
    input: qc/validation.tsv, /public/group_data_2023/xiaoyn/Sprime-workflow-main/Sprime-workflow-main/config/samples-test.tsv
    output: work/CHS/samples.txt, work/CHS/outgroup.txt
    log: logs/CHS/samples.log
    jobid: 7
    reason: Missing output files: work/CHS/outgroup.txt, work/CHS/samples.txt; Input files updated by another job: qc/validation.tsv
    wildcards: population=CHS
    resources: tmpdir=<TBD>

[Wed Sep  9 17:58:30 2026]
rule subset:
    input: work/CHS/samples.txt, /public/group_data_2023/xiaoyn/Data_1KGP/chrom_20.vcf.gz
    output: work/CHS/chr20.vcf.gz, work/CHS/chr20.vcf.gz.csi
    log: logs/CHS/subset.20.log
    jobid: 28
    reason: Missing output files: work/CHS/chr20.vcf.gz, work/CHS/chr20.vcf.gz.csi; Input files updated by another job: work/CHS/samples.txt
    wildcards: population=CHS, chrom=20
    resources: tmpdir=<TBD>, mem_mb=2000, mem_mib=1908

[Wed Sep  9 17:58:30 2026]
rule subset:
    input: work/CHS/samples.txt, /public/group_data_2023/xiaoyn/Data_1KGP/chrom_13.vcf.gz
    output: work/CHS/chr13.vcf.gz, work/CHS/chr13.vcf.gz.csi
    log: logs/CHS/subset.13.log
    jobid: 21
    reason: Missing output files: work/CHS/chr13.vcf.gz, work/CHS/chr13.vcf.gz.csi; Input files updated by another job: work/CHS/samples.txt
    wildcards: population=CHS, chrom=13
    resources: tmpdir=<TBD>, mem_mb=2000, mem_mib=1908

[Wed Sep  9 17:58:30 2026]
rule subset:
    input: work/CHS/samples.txt, /public/group_data_2023/xiaoyn/Data_1KGP/chrom_7.vcf.gz
    output: work/CHS/chr7.vcf.gz, work/CHS/chr7.vcf.gz.csi
    log: logs/CHS/subset.7.log
    jobid: 15
    reason: Missing output files: work/CHS/chr7.vcf.gz, work/CHS/chr7.vcf.gz.csi; Input files updated by another job: work/CHS/samples.txt
    wildcards: population=CHS, chrom=7
    resources: tmpdir=<TBD>, mem_mb=2000, mem_mib=1908

[Wed Sep  9 17:58:30 2026]
rule subset:
    input: work/CHS/samples.txt, /public/group_data_2023/xiaoyn/Data_1KGP/chrom_21.vcf.gz
    output: work/CHS/chr21.vcf.gz, work/CHS/chr21.vcf.gz.csi
    log: logs/CHS/subset.21.log
    jobid: 29
    reason: Missing output files: work/CHS/chr21.vcf.gz.csi, work/CHS/chr21.vcf.gz; Input files updated by another job: work/CHS/samples.txt
    wildcards: population=CHS, chrom=21
    resources: tmpdir=<TBD>, mem_mb=2000, mem_mib=1908

[Wed Sep  9 17:58:30 2026]
rule subset:
    input: work/CHS/samples.txt, /public/group_data_2023/xiaoyn/Data_1KGP/chrom_14.vcf.gz
    output: work/CHS/chr14.vcf.gz, work/CHS/chr14.vcf.gz.csi
    log: logs/CHS/subset.14.log
    jobid: 22
    reason: Missing output files: work/CHS/chr14.vcf.gz.csi, work/CHS/chr14.vcf.gz; Input files updated by another job: work/CHS/samples.txt
    wildcards: population=CHS, chrom=14
    resources: tmpdir=<TBD>, mem_mb=2000, mem_mib=1908

[Wed Sep  9 17:58:30 2026]
rule subset:
    input: work/CHS/samples.txt, /public/group_data_2023/xiaoyn/Data_1KGP/chrom_8.vcf.gz
    output: work/CHS/chr8.vcf.gz, work/CHS/chr8.vcf.gz.csi
    log: logs/CHS/subset.8.log
    jobid: 16
    reason: Missing output files: work/CHS/chr8.vcf.gz.csi, work/CHS/chr8.vcf.gz; Input files updated by another job: work/CHS/samples.txt
    wildcards: population=CHS, chrom=8
    resources: tmpdir=<TBD>, mem_mb=2000, mem_mib=1908

[Wed Sep  9 17:58:30 2026]
rule subset:
    input: work/CHS/samples.txt, /public/group_data_2023/xiaoyn/Data_1KGP/chrom_1.vcf.gz
    output: work/CHS/chr1.vcf.gz, work/CHS/chr1.vcf.gz.csi
    log: logs/CHS/subset.1.log
    jobid: 6
    reason: Missing output files: work/CHS/chr1.vcf.gz.csi, work/CHS/chr1.vcf.gz; Input files updated by another job: work/CHS/samples.txt
    wildcards: population=CHS, chrom=1
    resources: tmpdir=<TBD>, mem_mb=2000, mem_mib=1908

[Wed Sep  9 17:58:30 2026]
rule subset:
    input: work/CHS/samples.txt, /public/group_data_2023/xiaoyn/Data_1KGP/chrom_22.vcf.gz
    output: work/CHS/chr22.vcf.gz, work/CHS/chr22.vcf.gz.csi
    log: logs/CHS/subset.22.log
    jobid: 30
    reason: Missing output files: work/CHS/chr22.vcf.gz, work/CHS/chr22.vcf.gz.csi; Input files updated by another job: work/CHS/samples.txt
    wildcards: population=CHS, chrom=22
    resources: tmpdir=<TBD>, mem_mb=2000, mem_mib=1908

[Wed Sep  9 17:58:30 2026]
rule subset:
    input: work/CHS/samples.txt, /public/group_data_2023/xiaoyn/Data_1KGP/chrom_15.vcf.gz
    output: work/CHS/chr15.vcf.gz, work/CHS/chr15.vcf.gz.csi
    log: logs/CHS/subset.15.log
    jobid: 23
    reason: Missing output files: work/CHS/chr15.vcf.gz.csi, work/CHS/chr15.vcf.gz; Input files updated by another job: work/CHS/samples.txt
    wildcards: population=CHS, chrom=15
    resources: tmpdir=<TBD>, mem_mb=2000, mem_mib=1908

[Wed Sep  9 17:58:30 2026]
rule subset:
    input: work/CHS/samples.txt, /public/group_data_2023/xiaoyn/Data_1KGP/chrom_9.vcf.gz
    output: work/CHS/chr9.vcf.gz, work/CHS/chr9.vcf.gz.csi
    log: logs/CHS/subset.9.log
    jobid: 17
    reason: Missing output files: work/CHS/chr9.vcf.gz.csi, work/CHS/chr9.vcf.gz; Input files updated by another job: work/CHS/samples.txt
    wildcards: population=CHS, chrom=9
    resources: tmpdir=<TBD>, mem_mb=2000, mem_mib=1908

[Wed Sep  9 17:58:30 2026]
rule subset:
    input: work/CHS/samples.txt, /public/group_data_2023/xiaoyn/Data_1KGP/chrom_2.vcf.gz
    output: work/CHS/chr2.vcf.gz, work/CHS/chr2.vcf.gz.csi
    log: logs/CHS/subset.2.log
    jobid: 10
    reason: Missing output files: work/CHS/chr2.vcf.gz, work/CHS/chr2.vcf.gz.csi; Input files updated by another job: work/CHS/samples.txt
    wildcards: population=CHS, chrom=2
    resources: tmpdir=<TBD>, mem_mb=2000, mem_mib=1908

[Wed Sep  9 17:58:30 2026]
rule subset:
    input: work/CHS/samples.txt, /public/group_data_2023/xiaoyn/Data_1KGP/chrom_16.vcf.gz
    output: work/CHS/chr16.vcf.gz, work/CHS/chr16.vcf.gz.csi
    log: logs/CHS/subset.16.log
    jobid: 24
    reason: Missing output files: work/CHS/chr16.vcf.gz, work/CHS/chr16.vcf.gz.csi; Input files updated by another job: work/CHS/samples.txt
    wildcards: population=CHS, chrom=16
    resources: tmpdir=<TBD>, mem_mb=2000, mem_mib=1908

[Wed Sep  9 17:58:30 2026]
rule subset:
    input: work/CHS/samples.txt, /public/group_data_2023/xiaoyn/Data_1KGP/chrom_10.vcf.gz
    output: work/CHS/chr10.vcf.gz, work/CHS/chr10.vcf.gz.csi
    log: logs/CHS/subset.10.log
    jobid: 18
    reason: Missing output files: work/CHS/chr10.vcf.gz, work/CHS/chr10.vcf.gz.csi; Input files updated by another job: work/CHS/samples.txt
    wildcards: population=CHS, chrom=10
    resources: tmpdir=<TBD>, mem_mb=2000, mem_mib=1908

[Wed Sep  9 17:58:30 2026]
rule subset:
    input: work/CHS/samples.txt, /public/group_data_2023/xiaoyn/Data_1KGP/chrom_3.vcf.gz
    output: work/CHS/chr3.vcf.gz, work/CHS/chr3.vcf.gz.csi
    log: logs/CHS/subset.3.log
    jobid: 11
    reason: Missing output files: work/CHS/chr3.vcf.gz, work/CHS/chr3.vcf.gz.csi; Input files updated by another job: work/CHS/samples.txt
    wildcards: population=CHS, chrom=3
    resources: tmpdir=<TBD>, mem_mb=2000, mem_mib=1908

[Wed Sep  9 17:58:30 2026]
rule subset:
    input: work/CHS/samples.txt, /public/group_data_2023/xiaoyn/Data_1KGP/chrom_17.vcf.gz
    output: work/CHS/chr17.vcf.gz, work/CHS/chr17.vcf.gz.csi
    log: logs/CHS/subset.17.log
    jobid: 25
    reason: Missing output files: work/CHS/chr17.vcf.gz, work/CHS/chr17.vcf.gz.csi; Input files updated by another job: work/CHS/samples.txt
    wildcards: population=CHS, chrom=17
    resources: tmpdir=<TBD>, mem_mb=2000, mem_mib=1908

[Wed Sep  9 17:58:30 2026]
rule subset:
    input: work/CHS/samples.txt, /public/group_data_2023/xiaoyn/Data_1KGP/chrom_11.vcf.gz
    output: work/CHS/chr11.vcf.gz, work/CHS/chr11.vcf.gz.csi
    log: logs/CHS/subset.11.log
    jobid: 19
    reason: Missing output files: work/CHS/chr11.vcf.gz.csi, work/CHS/chr11.vcf.gz; Input files updated by another job: work/CHS/samples.txt
    wildcards: population=CHS, chrom=11
    resources: tmpdir=<TBD>, mem_mb=2000, mem_mib=1908

[Wed Sep  9 17:58:30 2026]
rule subset:
    input: work/CHS/samples.txt, /public/group_data_2023/xiaoyn/Data_1KGP/chrom_4.vcf.gz
    output: work/CHS/chr4.vcf.gz, work/CHS/chr4.vcf.gz.csi
    log: logs/CHS/subset.4.log
    jobid: 12
    reason: Missing output files: work/CHS/chr4.vcf.gz, work/CHS/chr4.vcf.gz.csi; Input files updated by another job: work/CHS/samples.txt
    wildcards: population=CHS, chrom=4
    resources: tmpdir=<TBD>, mem_mb=2000, mem_mib=1908

[Wed Sep  9 17:58:30 2026]
rule subset:
    input: work/CHS/samples.txt, /public/group_data_2023/xiaoyn/Data_1KGP/chrom_18.vcf.gz
    output: work/CHS/chr18.vcf.gz, work/CHS/chr18.vcf.gz.csi
    log: logs/CHS/subset.18.log
    jobid: 26
    reason: Missing output files: work/CHS/chr18.vcf.gz, work/CHS/chr18.vcf.gz.csi; Input files updated by another job: work/CHS/samples.txt
    wildcards: population=CHS, chrom=18
    resources: tmpdir=<TBD>, mem_mb=2000, mem_mib=1908

[Wed Sep  9 17:58:30 2026]
rule subset:
    input: work/CHS/samples.txt, /public/group_data_2023/xiaoyn/Data_1KGP/chrom_12.vcf.gz
    output: work/CHS/chr12.vcf.gz, work/CHS/chr12.vcf.gz.csi
    log: logs/CHS/subset.12.log
    jobid: 20
    reason: Missing output files: work/CHS/chr12.vcf.gz, work/CHS/chr12.vcf.gz.csi; Input files updated by another job: work/CHS/samples.txt
    wildcards: population=CHS, chrom=12
    resources: tmpdir=<TBD>, mem_mb=2000, mem_mib=1908

[Wed Sep  9 17:58:30 2026]
rule subset:
    input: work/CHS/samples.txt, /public/group_data_2023/xiaoyn/Data_1KGP/chrom_5.vcf.gz
    output: work/CHS/chr5.vcf.gz, work/CHS/chr5.vcf.gz.csi
    log: logs/CHS/subset.5.log
    jobid: 13
    reason: Missing output files: work/CHS/chr5.vcf.gz, work/CHS/chr5.vcf.gz.csi; Input files updated by another job: work/CHS/samples.txt
    wildcards: population=CHS, chrom=5
    resources: tmpdir=<TBD>, mem_mb=2000, mem_mib=1908

[Wed Sep  9 17:58:30 2026]
rule subset:
    input: work/CHS/samples.txt, /public/group_data_2023/xiaoyn/Data_1KGP/chrom_19.vcf.gz
    output: work/CHS/chr19.vcf.gz, work/CHS/chr19.vcf.gz.csi
    log: logs/CHS/subset.19.log
    jobid: 27
    reason: Missing output files: work/CHS/chr19.vcf.gz, work/CHS/chr19.vcf.gz.csi; Input files updated by another job: work/CHS/samples.txt
    wildcards: population=CHS, chrom=19
    resources: tmpdir=<TBD>, mem_mb=2000, mem_mib=1908

[Wed Sep  9 17:58:30 2026]
rule subset:
    input: work/CHS/samples.txt, /public/group_data_2023/xiaoyn/Data_1KGP/chrom_6.vcf.gz
    output: work/CHS/chr6.vcf.gz, work/CHS/chr6.vcf.gz.csi
    log: logs/CHS/subset.6.log
    jobid: 14
    reason: Missing output files: work/CHS/chr6.vcf.gz.csi, work/CHS/chr6.vcf.gz; Input files updated by another job: work/CHS/samples.txt
    wildcards: population=CHS, chrom=6
    resources: tmpdir=<TBD>, mem_mb=2000, mem_mib=1908

[Wed Sep  9 17:58:30 2026]
rule concat:
    input: work/CHS/chr1.vcf.gz, work/CHS/chr2.vcf.gz, work/CHS/chr3.vcf.gz, work/CHS/chr4.vcf.gz, work/CHS/chr5.vcf.gz, work/CHS/chr6.vcf.gz, work/CHS/chr7.vcf.gz, work/CHS/chr8.vcf.gz, work/CHS/chr9.vcf.gz, work/CHS/chr10.vcf.gz, work/CHS/chr11.vcf.gz, work/CHS/chr12.vcf.gz, work/CHS/chr13.vcf.gz, work/CHS/chr14.vcf.gz, work/CHS/chr15.vcf.gz, work/CHS/chr16.vcf.gz, work/CHS/chr17.vcf.gz, work/CHS/chr18.vcf.gz, work/CHS/chr19.vcf.gz, work/CHS/chr20.vcf.gz, work/CHS/chr21.vcf.gz, work/CHS/chr22.vcf.gz
    output: work/CHS/all.auto.vcf.gz
    log: logs/CHS/concat.log
    jobid: 5
    reason: Missing output files: work/CHS/all.auto.vcf.gz; Input files updated by another job: work/CHS/chr19.vcf.gz, work/CHS/chr10.vcf.gz, work/CHS/chr16.vcf.gz, work/CHS/chr21.vcf.gz, work/CHS/chr3.vcf.gz, work/CHS/chr18.vcf.gz, work/CHS/chr14.vcf.gz, work/CHS/chr6.vcf.gz, work/CHS/chr12.vcf.gz, work/CHS/chr9.vcf.gz, work/CHS/chr20.vcf.gz, work/CHS/chr15.vcf.gz, work/CHS/chr2.vcf.gz, work/CHS/chr4.vcf.gz, work/CHS/chr22.vcf.gz, work/CHS/chr13.vcf.gz, work/CHS/chr17.vcf.gz, work/CHS/chr1.vcf.gz, work/CHS/chr8.vcf.gz, work/CHS/chr11.vcf.gz, work/CHS/chr5.vcf.gz, work/CHS/chr7.vcf.gz
    wildcards: population=CHS
    resources: tmpdir=<TBD>

[Wed Sep  9 17:58:30 2026]
rule sprime:
    input: work/CHS/all.auto.vcf.gz, work/CHS/outgroup.txt, /public/group_data_2023/xiaoyn/Sprime-workflow-main/Sprime-workflow-main/tools/sprime.jar, /public/group_data_2023/xiaoyn/Data_map/GRCh37map/plink.all.GRch37.map
    output: sprime/CHS/chr12.score
    log: logs/CHS/sprime.12.log
    jobid: 52
    reason: Missing output files: sprime/CHS/chr12.score; Input files updated by another job: work/CHS/outgroup.txt, work/CHS/all.auto.vcf.gz
    wildcards: population=CHS, chrom=12
    resources: tmpdir=<TBD>, mem_mb=8000, mem_mib=7630

[Wed Sep  9 17:58:30 2026]
rule sprime:
    input: work/CHS/all.auto.vcf.gz, work/CHS/outgroup.txt, /public/group_data_2023/xiaoyn/Sprime-workflow-main/Sprime-workflow-main/tools/sprime.jar, /public/group_data_2023/xiaoyn/Data_map/GRCh37map/plink.all.GRch37.map
    output: sprime/CHS/chr21.score
    log: logs/CHS/sprime.21.log
    jobid: 70
    reason: Missing output files: sprime/CHS/chr21.score; Input files updated by another job: work/CHS/outgroup.txt, work/CHS/all.auto.vcf.gz
    wildcards: population=CHS, chrom=21
    resources: tmpdir=<TBD>, mem_mb=8000, mem_mib=7630

[Wed Sep  9 17:58:30 2026]
rule sprime:
    input: work/CHS/all.auto.vcf.gz, work/CHS/outgroup.txt, /public/group_data_2023/xiaoyn/Sprime-workflow-main/Sprime-workflow-main/tools/sprime.jar, /public/group_data_2023/xiaoyn/Data_map/GRCh37map/plink.all.GRch37.map
    output: sprime/CHS/chr2.score
    log: logs/CHS/sprime.2.log
    jobid: 32
    reason: Missing output files: sprime/CHS/chr2.score; Input files updated by another job: work/CHS/outgroup.txt, work/CHS/all.auto.vcf.gz
    wildcards: population=CHS, chrom=2
    resources: tmpdir=<TBD>, mem_mb=8000, mem_mib=7630

[Wed Sep  9 17:58:30 2026]
rule sprime:
    input: work/CHS/all.auto.vcf.gz, work/CHS/outgroup.txt, /public/group_data_2023/xiaoyn/Sprime-workflow-main/Sprime-workflow-main/tools/sprime.jar, /public/group_data_2023/xiaoyn/Data_map/GRCh37map/plink.all.GRch37.map
    output: sprime/CHS/chr14.score
    log: logs/CHS/sprime.14.log
    jobid: 56
    reason: Missing output files: sprime/CHS/chr14.score; Input files updated by another job: work/CHS/outgroup.txt, work/CHS/all.auto.vcf.gz
    wildcards: population=CHS, chrom=14
    resources: tmpdir=<TBD>, mem_mb=8000, mem_mib=7630

[Wed Sep  9 17:58:30 2026]
rule sprime:
    input: work/CHS/all.auto.vcf.gz, work/CHS/outgroup.txt, /public/group_data_2023/xiaoyn/Sprime-workflow-main/Sprime-workflow-main/tools/sprime.jar, /public/group_data_2023/xiaoyn/Data_map/GRCh37map/plink.all.GRch37.map
    output: sprime/CHS/chr6.score
    log: logs/CHS/sprime.6.log
    jobid: 40
    reason: Missing output files: sprime/CHS/chr6.score; Input files updated by another job: work/CHS/outgroup.txt, work/CHS/all.auto.vcf.gz
    wildcards: population=CHS, chrom=6
    resources: tmpdir=<TBD>, mem_mb=8000, mem_mib=7630

[Wed Sep  9 17:58:30 2026]
rule sprime:
    input: work/CHS/all.auto.vcf.gz, work/CHS/outgroup.txt, /public/group_data_2023/xiaoyn/Sprime-workflow-main/Sprime-workflow-main/tools/sprime.jar, /public/group_data_2023/xiaoyn/Data_map/GRCh37map/plink.all.GRch37.map
    output: sprime/CHS/chr22.score
    log: logs/CHS/sprime.22.log
    jobid: 72
    reason: Missing output files: sprime/CHS/chr22.score; Input files updated by another job: work/CHS/outgroup.txt, work/CHS/all.auto.vcf.gz
    wildcards: population=CHS, chrom=22
    resources: tmpdir=<TBD>, mem_mb=8000, mem_mib=7630

[Wed Sep  9 17:58:30 2026]
rule sprime:
    input: work/CHS/all.auto.vcf.gz, work/CHS/outgroup.txt, /public/group_data_2023/xiaoyn/Sprime-workflow-main/Sprime-workflow-main/tools/sprime.jar, /public/group_data_2023/xiaoyn/Data_map/GRCh37map/plink.all.GRch37.map
    output: sprime/CHS/chr15.score
    log: logs/CHS/sprime.15.log
    jobid: 58
    reason: Missing output files: sprime/CHS/chr15.score; Input files updated by another job: work/CHS/outgroup.txt, work/CHS/all.auto.vcf.gz
    wildcards: population=CHS, chrom=15
    resources: tmpdir=<TBD>, mem_mb=8000, mem_mib=7630

[Wed Sep  9 17:58:30 2026]
rule sprime:
    input: work/CHS/all.auto.vcf.gz, work/CHS/outgroup.txt, /public/group_data_2023/xiaoyn/Sprime-workflow-main/Sprime-workflow-main/tools/sprime.jar, /public/group_data_2023/xiaoyn/Data_map/GRCh37map/plink.all.GRch37.map
    output: sprime/CHS/chr13.score
    log: logs/CHS/sprime.13.log
    jobid: 54
    reason: Missing output files: sprime/CHS/chr13.score; Input files updated by another job: work/CHS/outgroup.txt, work/CHS/all.auto.vcf.gz
    wildcards: population=CHS, chrom=13
    resources: tmpdir=<TBD>, mem_mb=8000, mem_mib=7630

[Wed Sep  9 17:58:30 2026]
rule sprime:
    input: work/CHS/all.auto.vcf.gz, work/CHS/outgroup.txt, /public/group_data_2023/xiaoyn/Sprime-workflow-main/Sprime-workflow-main/tools/sprime.jar, /public/group_data_2023/xiaoyn/Data_map/GRCh37map/plink.all.GRch37.map
    output: sprime/CHS/chr16.score
    log: logs/CHS/sprime.16.log
    jobid: 60
    reason: Missing output files: sprime/CHS/chr16.score; Input files updated by another job: work/CHS/outgroup.txt, work/CHS/all.auto.vcf.gz
    wildcards: population=CHS, chrom=16
    resources: tmpdir=<TBD>, mem_mb=8000, mem_mib=7630

[Wed Sep  9 17:58:30 2026]
rule sprime:
    input: work/CHS/all.auto.vcf.gz, work/CHS/outgroup.txt, /public/group_data_2023/xiaoyn/Sprime-workflow-main/Sprime-workflow-main/tools/sprime.jar, /public/group_data_2023/xiaoyn/Data_map/GRCh37map/plink.all.GRch37.map
    output: sprime/CHS/chr11.score
    log: logs/CHS/sprime.11.log
    jobid: 50
    reason: Missing output files: sprime/CHS/chr11.score; Input files updated by another job: work/CHS/outgroup.txt, work/CHS/all.auto.vcf.gz
    wildcards: population=CHS, chrom=11
    resources: tmpdir=<TBD>, mem_mb=8000, mem_mib=7630

[Wed Sep  9 17:58:30 2026]
rule sprime:
    input: work/CHS/all.auto.vcf.gz, work/CHS/outgroup.txt, /public/group_data_2023/xiaoyn/Sprime-workflow-main/Sprime-workflow-main/tools/sprime.jar, /public/group_data_2023/xiaoyn/Data_map/GRCh37map/plink.all.GRch37.map
    output: sprime/CHS/chr1.score
    log: logs/CHS/sprime.1.log
    jobid: 4
    reason: Missing output files: sprime/CHS/chr1.score; Input files updated by another job: work/CHS/outgroup.txt, work/CHS/all.auto.vcf.gz
    wildcards: population=CHS, chrom=1
    resources: tmpdir=<TBD>, mem_mb=8000, mem_mib=7630

[Wed Sep  9 17:58:30 2026]
rule sprime:
    input: work/CHS/all.auto.vcf.gz, work/CHS/outgroup.txt, /public/group_data_2023/xiaoyn/Sprime-workflow-main/Sprime-workflow-main/tools/sprime.jar, /public/group_data_2023/xiaoyn/Data_map/GRCh37map/plink.all.GRch37.map
    output: sprime/CHS/chr17.score
    log: logs/CHS/sprime.17.log
    jobid: 62
    reason: Missing output files: sprime/CHS/chr17.score; Input files updated by another job: work/CHS/outgroup.txt, work/CHS/all.auto.vcf.gz
    wildcards: population=CHS, chrom=17
    resources: tmpdir=<TBD>, mem_mb=8000, mem_mib=7630

[Wed Sep  9 17:58:30 2026]
rule sprime:
    input: work/CHS/all.auto.vcf.gz, work/CHS/outgroup.txt, /public/group_data_2023/xiaoyn/Sprime-workflow-main/Sprime-workflow-main/tools/sprime.jar, /public/group_data_2023/xiaoyn/Data_map/GRCh37map/plink.all.GRch37.map
    output: sprime/CHS/chr7.score
    log: logs/CHS/sprime.7.log
    jobid: 42
    reason: Missing output files: sprime/CHS/chr7.score; Input files updated by another job: work/CHS/outgroup.txt, work/CHS/all.auto.vcf.gz
    wildcards: population=CHS, chrom=7
    resources: tmpdir=<TBD>, mem_mb=8000, mem_mib=7630

[Wed Sep  9 17:58:30 2026]
rule sprime:
    input: work/CHS/all.auto.vcf.gz, work/CHS/outgroup.txt, /public/group_data_2023/xiaoyn/Sprime-workflow-main/Sprime-workflow-main/tools/sprime.jar, /public/group_data_2023/xiaoyn/Data_map/GRCh37map/plink.all.GRch37.map
    output: sprime/CHS/chr3.score
    log: logs/CHS/sprime.3.log
    jobid: 34
    reason: Missing output files: sprime/CHS/chr3.score; Input files updated by another job: work/CHS/outgroup.txt, work/CHS/all.auto.vcf.gz
    wildcards: population=CHS, chrom=3
    resources: tmpdir=<TBD>, mem_mb=8000, mem_mib=7630

[Wed Sep  9 17:58:30 2026]
rule sprime:
    input: work/CHS/all.auto.vcf.gz, work/CHS/outgroup.txt, /public/group_data_2023/xiaoyn/Sprime-workflow-main/Sprime-workflow-main/tools/sprime.jar, /public/group_data_2023/xiaoyn/Data_map/GRCh37map/plink.all.GRch37.map
    output: sprime/CHS/chr18.score
    log: logs/CHS/sprime.18.log
    jobid: 64
    reason: Missing output files: sprime/CHS/chr18.score; Input files updated by another job: work/CHS/outgroup.txt, work/CHS/all.auto.vcf.gz
    wildcards: population=CHS, chrom=18
    resources: tmpdir=<TBD>, mem_mb=8000, mem_mib=7630

[Wed Sep  9 17:58:30 2026]
rule sprime:
    input: work/CHS/all.auto.vcf.gz, work/CHS/outgroup.txt, /public/group_data_2023/xiaoyn/Sprime-workflow-main/Sprime-workflow-main/tools/sprime.jar, /public/group_data_2023/xiaoyn/Data_map/GRCh37map/plink.all.GRch37.map
    output: sprime/CHS/chr8.score
    log: logs/CHS/sprime.8.log
    jobid: 44
    reason: Missing output files: sprime/CHS/chr8.score; Input files updated by another job: work/CHS/outgroup.txt, work/CHS/all.auto.vcf.gz
    wildcards: population=CHS, chrom=8
    resources: tmpdir=<TBD>, mem_mb=8000, mem_mib=7630

[Wed Sep  9 17:58:30 2026]
rule sprime:
    input: work/CHS/all.auto.vcf.gz, work/CHS/outgroup.txt, /public/group_data_2023/xiaoyn/Sprime-workflow-main/Sprime-workflow-main/tools/sprime.jar, /public/group_data_2023/xiaoyn/Data_map/GRCh37map/plink.all.GRch37.map
    output: sprime/CHS/chr4.score
    log: logs/CHS/sprime.4.log
    jobid: 36
    reason: Missing output files: sprime/CHS/chr4.score; Input files updated by another job: work/CHS/outgroup.txt, work/CHS/all.auto.vcf.gz
    wildcards: population=CHS, chrom=4
    resources: tmpdir=<TBD>, mem_mb=8000, mem_mib=7630

[Wed Sep  9 17:58:30 2026]
rule sprime:
    input: work/CHS/all.auto.vcf.gz, work/CHS/outgroup.txt, /public/group_data_2023/xiaoyn/Sprime-workflow-main/Sprime-workflow-main/tools/sprime.jar, /public/group_data_2023/xiaoyn/Data_map/GRCh37map/plink.all.GRch37.map
    output: sprime/CHS/chr19.score
    log: logs/CHS/sprime.19.log
    jobid: 66
    reason: Missing output files: sprime/CHS/chr19.score; Input files updated by another job: work/CHS/outgroup.txt, work/CHS/all.auto.vcf.gz
    wildcards: population=CHS, chrom=19
    resources: tmpdir=<TBD>, mem_mb=8000, mem_mib=7630

[Wed Sep  9 17:58:30 2026]
rule sprime:
    input: work/CHS/all.auto.vcf.gz, work/CHS/outgroup.txt, /public/group_data_2023/xiaoyn/Sprime-workflow-main/Sprime-workflow-main/tools/sprime.jar, /public/group_data_2023/xiaoyn/Data_map/GRCh37map/plink.all.GRch37.map
    output: sprime/CHS/chr9.score
    log: logs/CHS/sprime.9.log
    jobid: 46
    reason: Missing output files: sprime/CHS/chr9.score; Input files updated by another job: work/CHS/outgroup.txt, work/CHS/all.auto.vcf.gz
    wildcards: population=CHS, chrom=9
    resources: tmpdir=<TBD>, mem_mb=8000, mem_mib=7630

[Wed Sep  9 17:58:30 2026]
rule sprime:
    input: work/CHS/all.auto.vcf.gz, work/CHS/outgroup.txt, /public/group_data_2023/xiaoyn/Sprime-workflow-main/Sprime-workflow-main/tools/sprime.jar, /public/group_data_2023/xiaoyn/Data_map/GRCh37map/plink.all.GRch37.map
    output: sprime/CHS/chr5.score
    log: logs/CHS/sprime.5.log
    jobid: 38
    reason: Missing output files: sprime/CHS/chr5.score; Input files updated by another job: work/CHS/outgroup.txt, work/CHS/all.auto.vcf.gz
    wildcards: population=CHS, chrom=5
    resources: tmpdir=<TBD>, mem_mb=8000, mem_mib=7630

[Wed Sep  9 17:58:30 2026]
rule sprime:
    input: work/CHS/all.auto.vcf.gz, work/CHS/outgroup.txt, /public/group_data_2023/xiaoyn/Sprime-workflow-main/Sprime-workflow-main/tools/sprime.jar, /public/group_data_2023/xiaoyn/Data_map/GRCh37map/plink.all.GRch37.map
    output: sprime/CHS/chr20.score
    log: logs/CHS/sprime.20.log
    jobid: 68
    reason: Missing output files: sprime/CHS/chr20.score; Input files updated by another job: work/CHS/outgroup.txt, work/CHS/all.auto.vcf.gz
    wildcards: population=CHS, chrom=20
    resources: tmpdir=<TBD>, mem_mb=8000, mem_mib=7630

[Wed Sep  9 17:58:30 2026]
rule sprime:
    input: work/CHS/all.auto.vcf.gz, work/CHS/outgroup.txt, /public/group_data_2023/xiaoyn/Sprime-workflow-main/Sprime-workflow-main/tools/sprime.jar, /public/group_data_2023/xiaoyn/Data_map/GRCh37map/plink.all.GRch37.map
    output: sprime/CHS/chr10.score
    log: logs/CHS/sprime.10.log
    jobid: 48
    reason: Missing output files: sprime/CHS/chr10.score; Input files updated by another job: work/CHS/outgroup.txt, work/CHS/all.auto.vcf.gz
    wildcards: population=CHS, chrom=10
    resources: tmpdir=<TBD>, mem_mb=8000, mem_mib=7630

[Wed Sep  9 17:58:30 2026]
rule archaic_match:
    input: sprime/CHS/chr20.score, /public/group_data_2023/xiaoyn/Sprime-workflow-main/Sprime-workflow-main/tools/map_arch/map_arch, /public/group_data_2023/xiaoyn/Data_Denisovan/Denisovan/chr_20.vcf.gz, /public/group_data_2023/xiaoyn/Data_Denisovan/Denisovan/FilterBed/chr20_mask.bed.gz
    output: archaic_match/CHS/denisovan3/chr20.mscore
    log: logs/CHS/match.denisovan3.20.log
    jobid: 92
    reason: Missing output files: archaic_match/CHS/denisovan3/chr20.mscore; Input files updated by another job: /public/group_data_2023/xiaoyn/Sprime-workflow-main/Sprime-workflow-main/tools/map_arch/map_arch, sprime/CHS/chr20.score
    wildcards: population=CHS, ref=denisovan3, chrom=20
    resources: tmpdir=<TBD>, mem_mb=16000, mem_mib=15259

[Wed Sep  9 17:58:30 2026]
rule archaic_match:
    input: sprime/CHS/chr12.score, /public/group_data_2023/xiaoyn/Sprime-workflow-main/Sprime-workflow-main/tools/map_arch/map_arch, /public/group_data_2023/wangc/Data/Archaic_data/denisova25/chr12.Den25.L35MQ25.B30.map35_100.vcf.gz, /public/group_data_2023/wangc/Data/Archaic_data/denisova25/FilterBed/Denisova25.chr12.hg19.L35MQ25.map35_100.GCcov.noSimpleRepeat.noIndel.min10x.bed.gz
    output: archaic_match/CHS/denisovan25/chr12.mscore
    log: logs/CHS/match.denisovan25.12.log
    jobid: 106
    reason: Missing output files: archaic_match/CHS/denisovan25/chr12.mscore; Input files updated by another job: /public/group_data_2023/xiaoyn/Sprime-workflow-main/Sprime-workflow-main/tools/map_arch/map_arch, sprime/CHS/chr12.score
    wildcards: population=CHS, ref=denisovan25, chrom=12
    resources: tmpdir=<TBD>, mem_mb=16000, mem_mib=15259

[Wed Sep  9 17:58:30 2026]
rule archaic_match:
    input: sprime/CHS/chr13.score, /public/group_data_2023/xiaoyn/Sprime-workflow-main/Sprime-workflow-main/tools/map_arch/map_arch, /public/group_data_2023/xiaoyn/Data_Denisovan/Denisovan/chr_13.vcf.gz, /public/group_data_2023/xiaoyn/Data_Denisovan/Denisovan/FilterBed/chr13_mask.bed.gz
    output: archaic_match/CHS/denisovan3/chr13.mscore
    log: logs/CHS/match.denisovan3.13.log
    jobid: 85
    reason: Missing output files: archaic_match/CHS/denisovan3/chr13.mscore; Input files updated by another job: /public/group_data_2023/xiaoyn/Sprime-workflow-main/Sprime-workflow-main/tools/map_arch/map_arch, sprime/CHS/chr13.score
    wildcards: population=CHS, ref=denisovan3, chrom=13
    resources: tmpdir=<TBD>, mem_mb=16000, mem_mib=15259

[Wed Sep  9 17:58:30 2026]
rule archaic_match:
    input: sprime/CHS/chr6.score, /public/group_data_2023/xiaoyn/Sprime-workflow-main/Sprime-workflow-main/tools/map_arch/map_arch, /public/group_data_2023/xiaoyn/Data_Denisovan/Denisovan/chr_6.vcf.gz, /public/group_data_2023/xiaoyn/Data_Denisovan/Denisovan/FilterBed/chr6_mask.bed.gz
    output: archaic_match/CHS/denisovan3/chr6.mscore
    log: logs/CHS/match.denisovan3.6.log
    jobid: 78
    reason: Missing output files: archaic_match/CHS/denisovan3/chr6.mscore; Input files updated by another job: /public/group_data_2023/xiaoyn/Sprime-workflow-main/Sprime-workflow-main/tools/map_arch/map_arch, sprime/CHS/chr6.score
    wildcards: population=CHS, ref=denisovan3, chrom=6
    resources: tmpdir=<TBD>, mem_mb=16000, mem_mib=15259

[Wed Sep  9 17:58:30 2026]
rule archaic_match:
    input: sprime/CHS/chr22.score, /public/group_data_2023/xiaoyn/Sprime-workflow-main/Sprime-workflow-main/tools/map_arch/map_arch, /public/group_data_2023/xiaoyn/Data_Nean/Data_Altai_16/gz/chr22.vcf.gz, /public/group_data_2023/xiaoyn/Data_Nean/Data_Altai_16/FilterBed/chr22_mask.bed.gz
    output: archaic_match/CHS/altai_nean/chr22.mscore
    log: logs/CHS/match.altai_nean.22.log
    jobid: 71
    reason: Missing output files: archaic_match/CHS/altai_nean/chr22.mscore; Input files updated by another job: /public/group_data_2023/xiaoyn/Sprime-workflow-main/Sprime-workflow-main/tools/map_arch/map_arch, sprime/CHS/chr22.score
    wildcards: population=CHS, ref=altai_nean, chrom=22
    resources: tmpdir=<TBD>, mem_mb=16000, mem_mib=15259

[Wed Sep  9 17:58:30 2026]
rule archaic_match:
    input: sprime/CHS/chr15.score, /public/group_data_2023/xiaoyn/Sprime-workflow-main/Sprime-workflow-main/tools/map_arch/map_arch, /public/group_data_2023/xiaoyn/Data_Nean/Data_Altai_16/gz/chr15.vcf.gz, /public/group_data_2023/xiaoyn/Data_Nean/Data_Altai_16/FilterBed/chr15_mask.bed.gz
    output: archaic_match/CHS/altai_nean/chr15.mscore
    log: logs/CHS/match.altai_nean.15.log
    jobid: 57
    reason: Missing output files: archaic_match/CHS/altai_nean/chr15.mscore; Input files updated by another job: /public/group_data_2023/xiaoyn/Sprime-workflow-main/Sprime-workflow-main/tools/map_arch/map_arch, sprime/CHS/chr15.score
    wildcards: population=CHS, ref=altai_nean, chrom=15
    resources: tmpdir=<TBD>, mem_mb=16000, mem_mib=15259

[Wed Sep  9 17:58:30 2026]
rule archaic_match:
    input: sprime/CHS/chr8.score, /public/group_data_2023/xiaoyn/Sprime-workflow-main/Sprime-workflow-main/tools/map_arch/map_arch, /public/group_data_2023/xiaoyn/Data_Nean/Data_Altai_16/gz/chr8.vcf.gz, /public/group_data_2023/xiaoyn/Data_Nean/Data_Altai_16/FilterBed/chr8_mask.bed.gz
    output: archaic_match/CHS/altai_nean/chr8.mscore
    log: logs/CHS/match.altai_nean.8.log
    jobid: 43
    reason: Missing output files: archaic_match/CHS/altai_nean/chr8.mscore; Input files updated by another job: /public/group_data_2023/xiaoyn/Sprime-workflow-main/Sprime-workflow-main/tools/map_arch/map_arch, sprime/CHS/chr8.score
    wildcards: population=CHS, ref=altai_nean, chrom=8
    resources: tmpdir=<TBD>, mem_mb=16000, mem_mib=15259

[Wed Sep  9 17:58:30 2026]
rule archaic_match:
    input: sprime/CHS/chr20.score, /public/group_data_2023/xiaoyn/Sprime-workflow-main/Sprime-workflow-main/tools/map_arch/map_arch, /public/group_data_2023/wangc/Data/Archaic_data/denisova25/chr20.Den25.L35MQ25.B30.map35_100.vcf.gz, /public/group_data_2023/wangc/Data/Archaic_data/denisova25/FilterBed/Denisova25.chr20.hg19.L35MQ25.map35_100.GCcov.noSimpleRepeat.noIndel.min10x.bed.gz
    output: archaic_match/CHS/denisovan25/chr20.mscore
    log: logs/CHS/match.denisovan25.20.log
    jobid: 114
    reason: Missing output files: archaic_match/CHS/denisovan25/chr20.mscore; Input files updated by another job: /public/group_data_2023/xiaoyn/Sprime-workflow-main/Sprime-workflow-main/tools/map_arch/map_arch, sprime/CHS/chr20.score
    wildcards: population=CHS, ref=denisovan25, chrom=20
    resources: tmpdir=<TBD>, mem_mb=16000, mem_mib=15259

[Wed Sep  9 17:58:30 2026]
rule archaic_match:
    input: sprime/CHS/chr13.score, /public/group_data_2023/xiaoyn/Sprime-workflow-main/Sprime-workflow-main/tools/map_arch/map_arch, /public/group_data_2023/wangc/Data/Archaic_data/denisova25/chr13.Den25.L35MQ25.B30.map35_100.vcf.gz, /public/group_data_2023/wangc/Data/Archaic_data/denisova25/FilterBed/Denisova25.chr13.hg19.L35MQ25.map35_100.GCcov.noSimpleRepeat.noIndel.min10x.bed.gz
    output: archaic_match/CHS/denisovan25/chr13.mscore
    log: logs/CHS/match.denisovan25.13.log
    jobid: 107
    reason: Missing output files: archaic_match/CHS/denisovan25/chr13.mscore; Input files updated by another job: /public/group_data_2023/xiaoyn/Sprime-workflow-main/Sprime-workflow-main/tools/map_arch/map_arch, sprime/CHS/chr13.score
    wildcards: population=CHS, ref=denisovan25, chrom=13
    resources: tmpdir=<TBD>, mem_mb=16000, mem_mib=15259

[Wed Sep  9 17:58:30 2026]
rule archaic_match:
    input: sprime/CHS/chr6.score, /public/group_data_2023/xiaoyn/Sprime-workflow-main/Sprime-workflow-main/tools/map_arch/map_arch, /public/group_data_2023/wangc/Data/Archaic_data/denisova25/chr6.Den25.L35MQ25.B30.map35_100.vcf.gz, /public/group_data_2023/wangc/Data/Archaic_data/denisova25/FilterBed/Denisova25.chr6.hg19.L35MQ25.map35_100.GCcov.noSimpleRepeat.noIndel.min10x.bed.gz
    output: archaic_match/CHS/denisovan25/chr6.mscore
    log: logs/CHS/match.denisovan25.6.log
    jobid: 100
    reason: Missing output files: archaic_match/CHS/denisovan25/chr6.mscore; Input files updated by another job: /public/group_data_2023/xiaoyn/Sprime-workflow-main/Sprime-workflow-main/tools/map_arch/map_arch, sprime/CHS/chr6.score
    wildcards: population=CHS, ref=denisovan25, chrom=6
    resources: tmpdir=<TBD>, mem_mb=16000, mem_mib=15259

[Wed Sep  9 17:58:30 2026]
rule archaic_match:
    input: sprime/CHS/chr21.score, /public/group_data_2023/xiaoyn/Sprime-workflow-main/Sprime-workflow-main/tools/map_arch/map_arch, /public/group_data_2023/xiaoyn/Data_Denisovan/Denisovan/chr_21.vcf.gz, /public/group_data_2023/xiaoyn/Data_Denisovan/Denisovan/FilterBed/chr21_mask.bed.gz
    output: archaic_match/CHS/denisovan3/chr21.mscore
    log: logs/CHS/match.denisovan3.21.log
    jobid: 93
    reason: Missing output files: archaic_match/CHS/denisovan3/chr21.mscore; Input files updated by another job: /public/group_data_2023/xiaoyn/Sprime-workflow-main/Sprime-workflow-main/tools/map_arch/map_arch, sprime/CHS/chr21.score
    wildcards: population=CHS, ref=denisovan3, chrom=21
    resources: tmpdir=<TBD>, mem_mb=16000, mem_mib=15259

[Wed Sep  9 17:58:30 2026]
rule archaic_match:
    input: sprime/CHS/chr14.score, /public/group_data_2023/xiaoyn/Sprime-workflow-main/Sprime-workflow-main/tools/map_arch/map_arch, /public/group_data_2023/xiaoyn/Data_Denisovan/Denisovan/chr_14.vcf.gz, /public/group_data_2023/xiaoyn/Data_Denisovan/Denisovan/FilterBed/chr14_mask.bed.gz
    output: archaic_match/CHS/denisovan3/chr14.mscore
    log: logs/CHS/match.denisovan3.14.log
    jobid: 86
    reason: Missing output files: archaic_match/CHS/denisovan3/chr14.mscore; Input files updated by another job: /public/group_data_2023/xiaoyn/Sprime-workflow-main/Sprime-workflow-main/tools/map_arch/map_arch, sprime/CHS/chr14.score
    wildcards: population=CHS, ref=denisovan3, chrom=14
    resources: tmpdir=<TBD>, mem_mb=16000, mem_mib=15259

[Wed Sep  9 17:58:30 2026]
rule archaic_match:
    input: sprime/CHS/chr7.score, /public/group_data_2023/xiaoyn/Sprime-workflow-main/Sprime-workflow-main/tools/map_arch/map_arch, /public/group_data_2023/xiaoyn/Data_Denisovan/Denisovan/chr_7.vcf.gz, /public/group_data_2023/xiaoyn/Data_Denisovan/Denisovan/FilterBed/chr7_mask.bed.gz
    output: archaic_match/CHS/denisovan3/chr7.mscore
    log: logs/CHS/match.denisovan3.7.log
    jobid: 79
    reason: Missing output files: archaic_match/CHS/denisovan3/chr7.mscore; Input files updated by another job: /public/group_data_2023/xiaoyn/Sprime-workflow-main/Sprime-workflow-main/tools/map_arch/map_arch, sprime/CHS/chr7.score
    wildcards: population=CHS, ref=denisovan3, chrom=7
    resources: tmpdir=<TBD>, mem_mb=16000, mem_mib=15259

[Wed Sep  9 17:58:30 2026]
rule archaic_match:
    input: sprime/CHS/chr1.score, /public/group_data_2023/xiaoyn/Sprime-workflow-main/Sprime-workflow-main/tools/map_arch/map_arch, /public/group_data_2023/xiaoyn/Data_Denisovan/Denisovan/chr_1.vcf.gz, /public/group_data_2023/xiaoyn/Data_Denisovan/Denisovan/FilterBed/chr1_mask.bed.gz
    output: archaic_match/CHS/denisovan3/chr1.mscore
    log: logs/CHS/match.denisovan3.1.log
    jobid: 73
    reason: Missing output files: archaic_match/CHS/denisovan3/chr1.mscore; Input files updated by another job: /public/group_data_2023/xiaoyn/Sprime-workflow-main/Sprime-workflow-main/tools/map_arch/map_arch, sprime/CHS/chr1.score
    wildcards: population=CHS, ref=denisovan3, chrom=1
    resources: tmpdir=<TBD>, mem_mb=16000, mem_mib=15259

[Wed Sep  9 17:58:30 2026]
rule archaic_match:
    input: sprime/CHS/chr16.score, /public/group_data_2023/xiaoyn/Sprime-workflow-main/Sprime-workflow-main/tools/map_arch/map_arch, /public/group_data_2023/xiaoyn/Data_Nean/Data_Altai_16/gz/chr16.vcf.gz, /public/group_data_2023/xiaoyn/Data_Nean/Data_Altai_16/FilterBed/chr16_mask.bed.gz
    output: archaic_match/CHS/altai_nean/chr16.mscore
    log: logs/CHS/match.altai_nean.16.log
    jobid: 59
    reason: Missing output files: archaic_match/CHS/altai_nean/chr16.mscore; Input files updated by another job: /public/group_data_2023/xiaoyn/Sprime-workflow-main/Sprime-workflow-main/tools/map_arch/map_arch, sprime/CHS/chr16.score
    wildcards: population=CHS, ref=altai_nean, chrom=16
    resources: tmpdir=<TBD>, mem_mb=16000, mem_mib=15259

[Wed Sep  9 17:58:30 2026]
rule archaic_match:
    input: sprime/CHS/chr9.score, /public/group_data_2023/xiaoyn/Sprime-workflow-main/Sprime-workflow-main/tools/map_arch/map_arch, /public/group_data_2023/xiaoyn/Data_Nean/Data_Altai_16/gz/chr9.vcf.gz, /public/group_data_2023/xiaoyn/Data_Nean/Data_Altai_16/FilterBed/chr9_mask.bed.gz
    output: archaic_match/CHS/altai_nean/chr9.mscore
    log: logs/CHS/match.altai_nean.9.log
    jobid: 45
    reason: Missing output files: archaic_match/CHS/altai_nean/chr9.mscore; Input files updated by another job: /public/group_data_2023/xiaoyn/Sprime-workflow-main/Sprime-workflow-main/tools/map_arch/map_arch, sprime/CHS/chr9.score
    wildcards: population=CHS, ref=altai_nean, chrom=9
    resources: tmpdir=<TBD>, mem_mb=16000, mem_mib=15259

[Wed Sep  9 17:58:30 2026]
rule archaic_match:
    input: sprime/CHS/chr21.score, /public/group_data_2023/xiaoyn/Sprime-workflow-main/Sprime-workflow-main/tools/map_arch/map_arch, /public/group_data_2023/wangc/Data/Archaic_data/denisova25/chr21.Den25.L35MQ25.B30.map35_100.vcf.gz, /public/group_data_2023/wangc/Data/Archaic_data/denisova25/FilterBed/Denisova25.chr21.hg19.L35MQ25.map35_100.GCcov.noSimpleRepeat.noIndel.min10x.bed.gz
    output: archaic_match/CHS/denisovan25/chr21.mscore
    log: logs/CHS/match.denisovan25.21.log
    jobid: 115
    reason: Missing output files: archaic_match/CHS/denisovan25/chr21.mscore; Input files updated by another job: /public/group_data_2023/xiaoyn/Sprime-workflow-main/Sprime-workflow-main/tools/map_arch/map_arch, sprime/CHS/chr21.score
    wildcards: population=CHS, ref=denisovan25, chrom=21
    resources: tmpdir=<TBD>, mem_mb=16000, mem_mib=15259

[Wed Sep  9 17:58:30 2026]
rule archaic_match:
    input: sprime/CHS/chr14.score, /public/group_data_2023/xiaoyn/Sprime-workflow-main/Sprime-workflow-main/tools/map_arch/map_arch, /public/group_data_2023/wangc/Data/Archaic_data/denisova25/chr14.Den25.L35MQ25.B30.map35_100.vcf.gz, /public/group_data_2023/wangc/Data/Archaic_data/denisova25/FilterBed/Denisova25.chr14.hg19.L35MQ25.map35_100.GCcov.noSimpleRepeat.noIndel.min10x.bed.gz
    output: archaic_match/CHS/denisovan25/chr14.mscore
    log: logs/CHS/match.denisovan25.14.log
    jobid: 108
    reason: Missing output files: archaic_match/CHS/denisovan25/chr14.mscore; Input files updated by another job: /public/group_data_2023/xiaoyn/Sprime-workflow-main/Sprime-workflow-main/tools/map_arch/map_arch, sprime/CHS/chr14.score
    wildcards: population=CHS, ref=denisovan25, chrom=14
    resources: tmpdir=<TBD>, mem_mb=16000, mem_mib=15259

[Wed Sep  9 17:58:30 2026]
rule archaic_match:
    input: sprime/CHS/chr1.score, /public/group_data_2023/xiaoyn/Sprime-workflow-main/Sprime-workflow-main/tools/map_arch/map_arch, /public/group_data_2023/xiaoyn/Data_Nean/Data_Altai_16/gz/chr1.vcf.gz, /public/group_data_2023/xiaoyn/Data_Nean/Data_Altai_16/FilterBed/chr1_mask.bed.gz
    output: archaic_match/CHS/altai_nean/chr1.mscore
    log: logs/CHS/match.altai_nean.1.log
    jobid: 3
    reason: Missing output files: archaic_match/CHS/altai_nean/chr1.mscore; Input files updated by another job: /public/group_data_2023/xiaoyn/Sprime-workflow-main/Sprime-workflow-main/tools/map_arch/map_arch, sprime/CHS/chr1.score
    wildcards: population=CHS, ref=altai_nean, chrom=1
    resources: tmpdir=<TBD>, mem_mb=16000, mem_mib=15259

[Wed Sep  9 17:58:30 2026]
rule archaic_match:
    input: sprime/CHS/chr7.score, /public/group_data_2023/xiaoyn/Sprime-workflow-main/Sprime-workflow-main/tools/map_arch/map_arch, /public/group_data_2023/wangc/Data/Archaic_data/denisova25/chr7.Den25.L35MQ25.B30.map35_100.vcf.gz, /public/group_data_2023/wangc/Data/Archaic_data/denisova25/FilterBed/Denisova25.chr7.hg19.L35MQ25.map35_100.GCcov.noSimpleRepeat.noIndel.min10x.bed.gz
    output: archaic_match/CHS/denisovan25/chr7.mscore
    log: logs/CHS/match.denisovan25.7.log
    jobid: 101
    reason: Missing output files: archaic_match/CHS/denisovan25/chr7.mscore; Input files updated by another job: /public/group_data_2023/xiaoyn/Sprime-workflow-main/Sprime-workflow-main/tools/map_arch/map_arch, sprime/CHS/chr7.score
    wildcards: population=CHS, ref=denisovan25, chrom=7
    resources: tmpdir=<TBD>, mem_mb=16000, mem_mib=15259

[Wed Sep  9 17:58:30 2026]
rule archaic_match:
    input: sprime/CHS/chr22.score, /public/group_data_2023/xiaoyn/Sprime-workflow-main/Sprime-workflow-main/tools/map_arch/map_arch, /public/group_data_2023/xiaoyn/Data_Denisovan/Denisovan/chr_22.vcf.gz, /public/group_data_2023/xiaoyn/Data_Denisovan/Denisovan/FilterBed/chr22_mask.bed.gz
    output: archaic_match/CHS/denisovan3/chr22.mscore
    log: logs/CHS/match.denisovan3.22.log
    jobid: 94
    reason: Missing output files: archaic_match/CHS/denisovan3/chr22.mscore; Input files updated by another job: /public/group_data_2023/xiaoyn/Sprime-workflow-main/Sprime-workflow-main/tools/map_arch/map_arch, sprime/CHS/chr22.score
    wildcards: population=CHS, ref=denisovan3, chrom=22
    resources: tmpdir=<TBD>, mem_mb=16000, mem_mib=15259

[Wed Sep  9 17:58:30 2026]
rule archaic_match:
    input: sprime/CHS/chr15.score, /public/group_data_2023/xiaoyn/Sprime-workflow-main/Sprime-workflow-main/tools/map_arch/map_arch, /public/group_data_2023/xiaoyn/Data_Denisovan/Denisovan/chr_15.vcf.gz, /public/group_data_2023/xiaoyn/Data_Denisovan/Denisovan/FilterBed/chr15_mask.bed.gz
    output: archaic_match/CHS/denisovan3/chr15.mscore
    log: logs/CHS/match.denisovan3.15.log
    jobid: 87
    reason: Missing output files: archaic_match/CHS/denisovan3/chr15.mscore; Input files updated by another job: /public/group_data_2023/xiaoyn/Sprime-workflow-main/Sprime-workflow-main/tools/map_arch/map_arch, sprime/CHS/chr15.score
    wildcards: population=CHS, ref=denisovan3, chrom=15
    resources: tmpdir=<TBD>, mem_mb=16000, mem_mib=15259

[Wed Sep  9 17:58:30 2026]
rule archaic_match:
    input: sprime/CHS/chr8.score, /public/group_data_2023/xiaoyn/Sprime-workflow-main/Sprime-workflow-main/tools/map_arch/map_arch, /public/group_data_2023/xiaoyn/Data_Denisovan/Denisovan/chr_8.vcf.gz, /public/group_data_2023/xiaoyn/Data_Denisovan/Denisovan/FilterBed/chr8_mask.bed.gz
    output: archaic_match/CHS/denisovan3/chr8.mscore
    log: logs/CHS/match.denisovan3.8.log
    jobid: 80
    reason: Missing output files: archaic_match/CHS/denisovan3/chr8.mscore; Input files updated by another job: /public/group_data_2023/xiaoyn/Sprime-workflow-main/Sprime-workflow-main/tools/map_arch/map_arch, sprime/CHS/chr8.score
    wildcards: population=CHS, ref=denisovan3, chrom=8
    resources: tmpdir=<TBD>, mem_mb=16000, mem_mib=15259

[Wed Sep  9 17:58:30 2026]
rule archaic_match:
    input: sprime/CHS/chr2.score, /public/group_data_2023/xiaoyn/Sprime-workflow-main/Sprime-workflow-main/tools/map_arch/map_arch, /public/group_data_2023/xiaoyn/Data_Denisovan/Denisovan/chr_2.vcf.gz, /public/group_data_2023/xiaoyn/Data_Denisovan/Denisovan/FilterBed/chr2_mask.bed.gz
    output: archaic_match/CHS/denisovan3/chr2.mscore
    log: logs/CHS/match.denisovan3.2.log
    jobid: 74
    reason: Missing output files: archaic_match/CHS/denisovan3/chr2.mscore; Input files updated by another job: /public/group_data_2023/xiaoyn/Sprime-workflow-main/Sprime-workflow-main/tools/map_arch/map_arch, sprime/CHS/chr2.score
    wildcards: population=CHS, ref=denisovan3, chrom=2
    resources: tmpdir=<TBD>, mem_mb=16000, mem_mib=15259

[Wed Sep  9 17:58:30 2026]
rule archaic_match:
    input: sprime/CHS/chr17.score, /public/group_data_2023/xiaoyn/Sprime-workflow-main/Sprime-workflow-main/tools/map_arch/map_arch, /public/group_data_2023/xiaoyn/Data_Nean/Data_Altai_16/gz/chr17.vcf.gz, /public/group_data_2023/xiaoyn/Data_Nean/Data_Altai_16/FilterBed/chr17_mask.bed.gz
    output: archaic_match/CHS/altai_nean/chr17.mscore
    log: logs/CHS/match.altai_nean.17.log
    jobid: 61
    reason: Missing output files: archaic_match/CHS/altai_nean/chr17.mscore; Input files updated by another job: /public/group_data_2023/xiaoyn/Sprime-workflow-main/Sprime-workflow-main/tools/map_arch/map_arch, sprime/CHS/chr17.score
    wildcards: population=CHS, ref=altai_nean, chrom=17
    resources: tmpdir=<TBD>, mem_mb=16000, mem_mib=15259

[Wed Sep  9 17:58:30 2026]
rule archaic_match:
    input: sprime/CHS/chr22.score, /public/group_data_2023/xiaoyn/Sprime-workflow-main/Sprime-workflow-main/tools/map_arch/map_arch, /public/group_data_2023/wangc/Data/Archaic_data/denisova25/chr22.Den25.L35MQ25.B30.map35_100.vcf.gz, /public/group_data_2023/wangc/Data/Archaic_data/denisova25/FilterBed/Denisova25.chr22.hg19.L35MQ25.map35_100.GCcov.noSimpleRepeat.noIndel.min10x.bed.gz
    output: archaic_match/CHS/denisovan25/chr22.mscore
    log: logs/CHS/match.denisovan25.22.log
    jobid: 116
    reason: Missing output files: archaic_match/CHS/denisovan25/chr22.mscore; Input files updated by another job: /public/group_data_2023/xiaoyn/Sprime-workflow-main/Sprime-workflow-main/tools/map_arch/map_arch, sprime/CHS/chr22.score
    wildcards: population=CHS, ref=denisovan25, chrom=22
    resources: tmpdir=<TBD>, mem_mb=16000, mem_mib=15259

[Wed Sep  9 17:58:30 2026]
rule archaic_match:
    input: sprime/CHS/chr10.score, /public/group_data_2023/xiaoyn/Sprime-workflow-main/Sprime-workflow-main/tools/map_arch/map_arch, /public/group_data_2023/xiaoyn/Data_Nean/Data_Altai_16/gz/chr10.vcf.gz, /public/group_data_2023/xiaoyn/Data_Nean/Data_Altai_16/FilterBed/chr10_mask.bed.gz
    output: archaic_match/CHS/altai_nean/chr10.mscore
    log: logs/CHS/match.altai_nean.10.log
    jobid: 47
    reason: Missing output files: archaic_match/CHS/altai_nean/chr10.mscore; Input files updated by another job: /public/group_data_2023/xiaoyn/Sprime-workflow-main/Sprime-workflow-main/tools/map_arch/map_arch, sprime/CHS/chr10.score
    wildcards: population=CHS, ref=altai_nean, chrom=10
    resources: tmpdir=<TBD>, mem_mb=16000, mem_mib=15259

[Wed Sep  9 17:58:30 2026]
rule archaic_match:
    input: sprime/CHS/chr2.score, /public/group_data_2023/xiaoyn/Sprime-workflow-main/Sprime-workflow-main/tools/map_arch/map_arch, /public/group_data_2023/xiaoyn/Data_Nean/Data_Altai_16/gz/chr2.vcf.gz, /public/group_data_2023/xiaoyn/Data_Nean/Data_Altai_16/FilterBed/chr2_mask.bed.gz
    output: archaic_match/CHS/altai_nean/chr2.mscore
    log: logs/CHS/match.altai_nean.2.log
    jobid: 31
    reason: Missing output files: archaic_match/CHS/altai_nean/chr2.mscore; Input files updated by another job: /public/group_data_2023/xiaoyn/Sprime-workflow-main/Sprime-workflow-main/tools/map_arch/map_arch, sprime/CHS/chr2.score
    wildcards: population=CHS, ref=altai_nean, chrom=2
    resources: tmpdir=<TBD>, mem_mb=16000, mem_mib=15259

[Wed Sep  9 17:58:30 2026]
rule archaic_match:
    input: sprime/CHS/chr15.score, /public/group_data_2023/xiaoyn/Sprime-workflow-main/Sprime-workflow-main/tools/map_arch/map_arch, /public/group_data_2023/wangc/Data/Archaic_data/denisova25/chr15.Den25.L35MQ25.B30.map35_100.vcf.gz, /public/group_data_2023/wangc/Data/Archaic_data/denisova25/FilterBed/Denisova25.chr15.hg19.L35MQ25.map35_100.GCcov.noSimpleRepeat.noIndel.min10x.bed.gz
    output: archaic_match/CHS/denisovan25/chr15.mscore
    log: logs/CHS/match.denisovan25.15.log
    jobid: 109
    reason: Missing output files: archaic_match/CHS/denisovan25/chr15.mscore; Input files updated by another job: /public/group_data_2023/xiaoyn/Sprime-workflow-main/Sprime-workflow-main/tools/map_arch/map_arch, sprime/CHS/chr15.score
    wildcards: population=CHS, ref=denisovan25, chrom=15
    resources: tmpdir=<TBD>, mem_mb=16000, mem_mib=15259

[Wed Sep  9 17:58:30 2026]
rule archaic_match:
    input: sprime/CHS/chr8.score, /public/group_data_2023/xiaoyn/Sprime-workflow-main/Sprime-workflow-main/tools/map_arch/map_arch, /public/group_data_2023/wangc/Data/Archaic_data/denisova25/chr8.Den25.L35MQ25.B30.map35_100.vcf.gz, /public/group_data_2023/wangc/Data/Archaic_data/denisova25/FilterBed/Denisova25.chr8.hg19.L35MQ25.map35_100.GCcov.noSimpleRepeat.noIndel.min10x.bed.gz
    output: archaic_match/CHS/denisovan25/chr8.mscore
    log: logs/CHS/match.denisovan25.8.log
    jobid: 102
    reason: Missing output files: archaic_match/CHS/denisovan25/chr8.mscore; Input files updated by another job: /public/group_data_2023/xiaoyn/Sprime-workflow-main/Sprime-workflow-main/tools/map_arch/map_arch, sprime/CHS/chr8.score
    wildcards: population=CHS, ref=denisovan25, chrom=8
    resources: tmpdir=<TBD>, mem_mb=16000, mem_mib=15259

[Wed Sep  9 17:58:30 2026]
rule archaic_match:
    input: sprime/CHS/chr7.score, /public/group_data_2023/xiaoyn/Sprime-workflow-main/Sprime-workflow-main/tools/map_arch/map_arch, /public/group_data_2023/xiaoyn/Data_Nean/Data_Altai_16/gz/chr7.vcf.gz, /public/group_data_2023/xiaoyn/Data_Nean/Data_Altai_16/FilterBed/chr7_mask.bed.gz
    output: archaic_match/CHS/altai_nean/chr7.mscore
    log: logs/CHS/match.altai_nean.7.log
    jobid: 41
    reason: Missing output files: archaic_match/CHS/altai_nean/chr7.mscore; Input files updated by another job: /public/group_data_2023/xiaoyn/Sprime-workflow-main/Sprime-workflow-main/tools/map_arch/map_arch, sprime/CHS/chr7.score
    wildcards: population=CHS, ref=altai_nean, chrom=7
    resources: tmpdir=<TBD>, mem_mb=16000, mem_mib=15259

[Wed Sep  9 17:58:30 2026]
rule archaic_match:
    input: sprime/CHS/chr1.score, /public/group_data_2023/xiaoyn/Sprime-workflow-main/Sprime-workflow-main/tools/map_arch/map_arch, /public/group_data_2023/wangc/Data/Archaic_data/denisova25/chr1.Den25.L35MQ25.B30.map35_100.vcf.gz, /public/group_data_2023/wangc/Data/Archaic_data/denisova25/FilterBed/Denisova25.chr1.hg19.L35MQ25.map35_100.GCcov.noSimpleRepeat.noIndel.min10x.bed.gz
    output: archaic_match/CHS/denisovan25/chr1.mscore
    log: logs/CHS/match.denisovan25.1.log
    jobid: 95
    reason: Missing output files: archaic_match/CHS/denisovan25/chr1.mscore; Input files updated by another job: /public/group_data_2023/xiaoyn/Sprime-workflow-main/Sprime-workflow-main/tools/map_arch/map_arch, sprime/CHS/chr1.score
    wildcards: population=CHS, ref=denisovan25, chrom=1
    resources: tmpdir=<TBD>, mem_mb=16000, mem_mib=15259

[Wed Sep  9 17:58:30 2026]
rule archaic_match:
    input: sprime/CHS/chr16.score, /public/group_data_2023/xiaoyn/Sprime-workflow-main/Sprime-workflow-main/tools/map_arch/map_arch, /public/group_data_2023/xiaoyn/Data_Denisovan/Denisovan/chr_16.vcf.gz, /public/group_data_2023/xiaoyn/Data_Denisovan/Denisovan/FilterBed/chr16_mask.bed.gz
    output: archaic_match/CHS/denisovan3/chr16.mscore
    log: logs/CHS/match.denisovan3.16.log
    jobid: 88
    reason: Missing output files: archaic_match/CHS/denisovan3/chr16.mscore; Input files updated by another job: /public/group_data_2023/xiaoyn/Sprime-workflow-main/Sprime-workflow-main/tools/map_arch/map_arch, sprime/CHS/chr16.score
    wildcards: population=CHS, ref=denisovan3, chrom=16
    resources: tmpdir=<TBD>, mem_mb=16000, mem_mib=15259

[Wed Sep  9 17:58:30 2026]
rule archaic_match:
    input: sprime/CHS/chr9.score, /public/group_data_2023/xiaoyn/Sprime-workflow-main/Sprime-workflow-main/tools/map_arch/map_arch, /public/group_data_2023/xiaoyn/Data_Denisovan/Denisovan/chr_9.vcf.gz, /public/group_data_2023/xiaoyn/Data_Denisovan/Denisovan/FilterBed/chr9_mask.bed.gz
    output: archaic_match/CHS/denisovan3/chr9.mscore
    log: logs/CHS/match.denisovan3.9.log
    jobid: 81
    reason: Missing output files: archaic_match/CHS/denisovan3/chr9.mscore; Input files updated by another job: /public/group_data_2023/xiaoyn/Sprime-workflow-main/Sprime-workflow-main/tools/map_arch/map_arch, sprime/CHS/chr9.score
    wildcards: population=CHS, ref=denisovan3, chrom=9
    resources: tmpdir=<TBD>, mem_mb=16000, mem_mib=15259

[Wed Sep  9 17:58:30 2026]
rule archaic_match:
    input: sprime/CHS/chr3.score, /public/group_data_2023/xiaoyn/Sprime-workflow-main/Sprime-workflow-main/tools/map_arch/map_arch, /public/group_data_2023/xiaoyn/Data_Denisovan/Denisovan/chr_3.vcf.gz, /public/group_data_2023/xiaoyn/Data_Denisovan/Denisovan/FilterBed/chr3_mask.bed.gz
    output: archaic_match/CHS/denisovan3/chr3.mscore
    log: logs/CHS/match.denisovan3.3.log
    jobid: 75
    reason: Missing output files: archaic_match/CHS/denisovan3/chr3.mscore; Input files updated by another job: /public/group_data_2023/xiaoyn/Sprime-workflow-main/Sprime-workflow-main/tools/map_arch/map_arch, sprime/CHS/chr3.score
    wildcards: population=CHS, ref=denisovan3, chrom=3
    resources: tmpdir=<TBD>, mem_mb=16000, mem_mib=15259

[Wed Sep  9 17:58:30 2026]
rule archaic_match:
    input: sprime/CHS/chr18.score, /public/group_data_2023/xiaoyn/Sprime-workflow-main/Sprime-workflow-main/tools/map_arch/map_arch, /public/group_data_2023/xiaoyn/Data_Nean/Data_Altai_16/gz/chr18.vcf.gz, /public/group_data_2023/xiaoyn/Data_Nean/Data_Altai_16/FilterBed/chr18_mask.bed.gz
    output: archaic_match/CHS/altai_nean/chr18.mscore
    log: logs/CHS/match.altai_nean.18.log
    jobid: 63
    reason: Missing output files: archaic_match/CHS/altai_nean/chr18.mscore; Input files updated by another job: /public/group_data_2023/xiaoyn/Sprime-workflow-main/Sprime-workflow-main/tools/map_arch/map_arch, sprime/CHS/chr18.score
    wildcards: population=CHS, ref=altai_nean, chrom=18
    resources: tmpdir=<TBD>, mem_mb=16000, mem_mib=15259

[Wed Sep  9 17:58:30 2026]
rule archaic_match:
    input: sprime/CHS/chr11.score, /public/group_data_2023/xiaoyn/Sprime-workflow-main/Sprime-workflow-main/tools/map_arch/map_arch, /public/group_data_2023/xiaoyn/Data_Nean/Data_Altai_16/gz/chr11.vcf.gz, /public/group_data_2023/xiaoyn/Data_Nean/Data_Altai_16/FilterBed/chr11_mask.bed.gz
    output: archaic_match/CHS/altai_nean/chr11.mscore
    log: logs/CHS/match.altai_nean.11.log
    jobid: 49
    reason: Missing output files: archaic_match/CHS/altai_nean/chr11.mscore; Input files updated by another job: /public/group_data_2023/xiaoyn/Sprime-workflow-main/Sprime-workflow-main/tools/map_arch/map_arch, sprime/CHS/chr11.score
    wildcards: population=CHS, ref=altai_nean, chrom=11
    resources: tmpdir=<TBD>, mem_mb=16000, mem_mib=15259

[Wed Sep  9 17:58:30 2026]
rule archaic_match:
    input: sprime/CHS/chr16.score, /public/group_data_2023/xiaoyn/Sprime-workflow-main/Sprime-workflow-main/tools/map_arch/map_arch, /public/group_data_2023/wangc/Data/Archaic_data/denisova25/chr16.Den25.L35MQ25.B30.map35_100.vcf.gz, /public/group_data_2023/wangc/Data/Archaic_data/denisova25/FilterBed/Denisova25.chr16.hg19.L35MQ25.map35_100.GCcov.noSimpleRepeat.noIndel.min10x.bed.gz
    output: archaic_match/CHS/denisovan25/chr16.mscore
    log: logs/CHS/match.denisovan25.16.log
    jobid: 110
    reason: Missing output files: archaic_match/CHS/denisovan25/chr16.mscore; Input files updated by another job: /public/group_data_2023/xiaoyn/Sprime-workflow-main/Sprime-workflow-main/tools/map_arch/map_arch, sprime/CHS/chr16.score
    wildcards: population=CHS, ref=denisovan25, chrom=16
    resources: tmpdir=<TBD>, mem_mb=16000, mem_mib=15259

[Wed Sep  9 17:58:30 2026]
rule archaic_match:
    input: sprime/CHS/chr3.score, /public/group_data_2023/xiaoyn/Sprime-workflow-main/Sprime-workflow-main/tools/map_arch/map_arch, /public/group_data_2023/xiaoyn/Data_Nean/Data_Altai_16/gz/chr3.vcf.gz, /public/group_data_2023/xiaoyn/Data_Nean/Data_Altai_16/FilterBed/chr3_mask.bed.gz
    output: archaic_match/CHS/altai_nean/chr3.mscore
    log: logs/CHS/match.altai_nean.3.log
    jobid: 33
    reason: Missing output files: archaic_match/CHS/altai_nean/chr3.mscore; Input files updated by another job: /public/group_data_2023/xiaoyn/Sprime-workflow-main/Sprime-workflow-main/tools/map_arch/map_arch, sprime/CHS/chr3.score
    wildcards: population=CHS, ref=altai_nean, chrom=3
    resources: tmpdir=<TBD>, mem_mb=16000, mem_mib=15259

[Wed Sep  9 17:58:30 2026]
rule archaic_match:
    input: sprime/CHS/chr9.score, /public/group_data_2023/xiaoyn/Sprime-workflow-main/Sprime-workflow-main/tools/map_arch/map_arch, /public/group_data_2023/wangc/Data/Archaic_data/denisova25/chr9.Den25.L35MQ25.B30.map35_100.vcf.gz, /public/group_data_2023/wangc/Data/Archaic_data/denisova25/FilterBed/Denisova25.chr9.hg19.L35MQ25.map35_100.GCcov.noSimpleRepeat.noIndel.min10x.bed.gz
    output: archaic_match/CHS/denisovan25/chr9.mscore
    log: logs/CHS/match.denisovan25.9.log
    jobid: 103
    reason: Missing output files: archaic_match/CHS/denisovan25/chr9.mscore; Input files updated by another job: /public/group_data_2023/xiaoyn/Sprime-workflow-main/Sprime-workflow-main/tools/map_arch/map_arch, sprime/CHS/chr9.score
    wildcards: population=CHS, ref=denisovan25, chrom=9
    resources: tmpdir=<TBD>, mem_mb=16000, mem_mib=15259

[Wed Sep  9 17:58:30 2026]
rule archaic_match:
    input: sprime/CHS/chr2.score, /public/group_data_2023/xiaoyn/Sprime-workflow-main/Sprime-workflow-main/tools/map_arch/map_arch, /public/group_data_2023/wangc/Data/Archaic_data/denisova25/chr2.Den25.L35MQ25.B30.map35_100.vcf.gz, /public/group_data_2023/wangc/Data/Archaic_data/denisova25/FilterBed/Denisova25.chr2.hg19.L35MQ25.map35_100.GCcov.noSimpleRepeat.noIndel.min10x.bed.gz
    output: archaic_match/CHS/denisovan25/chr2.mscore
    log: logs/CHS/match.denisovan25.2.log
    jobid: 96
    reason: Missing output files: archaic_match/CHS/denisovan25/chr2.mscore; Input files updated by another job: /public/group_data_2023/xiaoyn/Sprime-workflow-main/Sprime-workflow-main/tools/map_arch/map_arch, sprime/CHS/chr2.score
    wildcards: population=CHS, ref=denisovan25, chrom=2
    resources: tmpdir=<TBD>, mem_mb=16000, mem_mib=15259

[Wed Sep  9 17:58:30 2026]
rule archaic_match:
    input: sprime/CHS/chr17.score, /public/group_data_2023/xiaoyn/Sprime-workflow-main/Sprime-workflow-main/tools/map_arch/map_arch, /public/group_data_2023/xiaoyn/Data_Denisovan/Denisovan/chr_17.vcf.gz, /public/group_data_2023/xiaoyn/Data_Denisovan/Denisovan/FilterBed/chr17_mask.bed.gz
    output: archaic_match/CHS/denisovan3/chr17.mscore
    log: logs/CHS/match.denisovan3.17.log
    jobid: 89
    reason: Missing output files: archaic_match/CHS/denisovan3/chr17.mscore; Input files updated by another job: /public/group_data_2023/xiaoyn/Sprime-workflow-main/Sprime-workflow-main/tools/map_arch/map_arch, sprime/CHS/chr17.score
    wildcards: population=CHS, ref=denisovan3, chrom=17
    resources: tmpdir=<TBD>, mem_mb=16000, mem_mib=15259

[Wed Sep  9 17:58:30 2026]
rule archaic_match:
    input: sprime/CHS/chr10.score, /public/group_data_2023/xiaoyn/Sprime-workflow-main/Sprime-workflow-main/tools/map_arch/map_arch, /public/group_data_2023/xiaoyn/Data_Denisovan/Denisovan/chr_10.vcf.gz, /public/group_data_2023/xiaoyn/Data_Denisovan/Denisovan/FilterBed/chr10_mask.bed.gz
    output: archaic_match/CHS/denisovan3/chr10.mscore
    log: logs/CHS/match.denisovan3.10.log
    jobid: 82
    reason: Missing output files: archaic_match/CHS/denisovan3/chr10.mscore; Input files updated by another job: /public/group_data_2023/xiaoyn/Sprime-workflow-main/Sprime-workflow-main/tools/map_arch/map_arch, sprime/CHS/chr10.score
    wildcards: population=CHS, ref=denisovan3, chrom=10
    resources: tmpdir=<TBD>, mem_mb=16000, mem_mib=15259

[Wed Sep  9 17:58:30 2026]
rule archaic_match:
    input: sprime/CHS/chr4.score, /public/group_data_2023/xiaoyn/Sprime-workflow-main/Sprime-workflow-main/tools/map_arch/map_arch, /public/group_data_2023/xiaoyn/Data_Denisovan/Denisovan/chr_4.vcf.gz, /public/group_data_2023/xiaoyn/Data_Denisovan/Denisovan/FilterBed/chr4_mask.bed.gz
    output: archaic_match/CHS/denisovan3/chr4.mscore
    log: logs/CHS/match.denisovan3.4.log
    jobid: 76
    reason: Missing output files: archaic_match/CHS/denisovan3/chr4.mscore; Input files updated by another job: /public/group_data_2023/xiaoyn/Sprime-workflow-main/Sprime-workflow-main/tools/map_arch/map_arch, sprime/CHS/chr4.score
    wildcards: population=CHS, ref=denisovan3, chrom=4
    resources: tmpdir=<TBD>, mem_mb=16000, mem_mib=15259

[Wed Sep  9 17:58:30 2026]
rule archaic_match:
    input: sprime/CHS/chr19.score, /public/group_data_2023/xiaoyn/Sprime-workflow-main/Sprime-workflow-main/tools/map_arch/map_arch, /public/group_data_2023/xiaoyn/Data_Nean/Data_Altai_16/gz/chr19.vcf.gz, /public/group_data_2023/xiaoyn/Data_Nean/Data_Altai_16/FilterBed/chr19_mask.bed.gz
    output: archaic_match/CHS/altai_nean/chr19.mscore
    log: logs/CHS/match.altai_nean.19.log
    jobid: 65
    reason: Missing output files: archaic_match/CHS/altai_nean/chr19.mscore; Input files updated by another job: /public/group_data_2023/xiaoyn/Sprime-workflow-main/Sprime-workflow-main/tools/map_arch/map_arch, sprime/CHS/chr19.score
    wildcards: population=CHS, ref=altai_nean, chrom=19
    resources: tmpdir=<TBD>, mem_mb=16000, mem_mib=15259

[Wed Sep  9 17:58:30 2026]
rule archaic_match:
    input: sprime/CHS/chr12.score, /public/group_data_2023/xiaoyn/Sprime-workflow-main/Sprime-workflow-main/tools/map_arch/map_arch, /public/group_data_2023/xiaoyn/Data_Nean/Data_Altai_16/gz/chr12.vcf.gz, /public/group_data_2023/xiaoyn/Data_Nean/Data_Altai_16/FilterBed/chr12_mask.bed.gz
    output: archaic_match/CHS/altai_nean/chr12.mscore
    log: logs/CHS/match.altai_nean.12.log
    jobid: 51
    reason: Missing output files: archaic_match/CHS/altai_nean/chr12.mscore; Input files updated by another job: /public/group_data_2023/xiaoyn/Sprime-workflow-main/Sprime-workflow-main/tools/map_arch/map_arch, sprime/CHS/chr12.score
    wildcards: population=CHS, ref=altai_nean, chrom=12
    resources: tmpdir=<TBD>, mem_mb=16000, mem_mib=15259

[Wed Sep  9 17:58:30 2026]
rule archaic_match:
    input: sprime/CHS/chr17.score, /public/group_data_2023/xiaoyn/Sprime-workflow-main/Sprime-workflow-main/tools/map_arch/map_arch, /public/group_data_2023/wangc/Data/Archaic_data/denisova25/chr17.Den25.L35MQ25.B30.map35_100.vcf.gz, /public/group_data_2023/wangc/Data/Archaic_data/denisova25/FilterBed/Denisova25.chr17.hg19.L35MQ25.map35_100.GCcov.noSimpleRepeat.noIndel.min10x.bed.gz
    output: archaic_match/CHS/denisovan25/chr17.mscore
    log: logs/CHS/match.denisovan25.17.log
    jobid: 111
    reason: Missing output files: archaic_match/CHS/denisovan25/chr17.mscore; Input files updated by another job: /public/group_data_2023/xiaoyn/Sprime-workflow-main/Sprime-workflow-main/tools/map_arch/map_arch, sprime/CHS/chr17.score
    wildcards: population=CHS, ref=denisovan25, chrom=17
    resources: tmpdir=<TBD>, mem_mb=16000, mem_mib=15259

[Wed Sep  9 17:58:30 2026]
rule archaic_match:
    input: sprime/CHS/chr4.score, /public/group_data_2023/xiaoyn/Sprime-workflow-main/Sprime-workflow-main/tools/map_arch/map_arch, /public/group_data_2023/xiaoyn/Data_Nean/Data_Altai_16/gz/chr4.vcf.gz, /public/group_data_2023/xiaoyn/Data_Nean/Data_Altai_16/FilterBed/chr4_mask.bed.gz
    output: archaic_match/CHS/altai_nean/chr4.mscore
    log: logs/CHS/match.altai_nean.4.log
    jobid: 35
    reason: Missing output files: archaic_match/CHS/altai_nean/chr4.mscore; Input files updated by another job: /public/group_data_2023/xiaoyn/Sprime-workflow-main/Sprime-workflow-main/tools/map_arch/map_arch, sprime/CHS/chr4.score
    wildcards: population=CHS, ref=altai_nean, chrom=4
    resources: tmpdir=<TBD>, mem_mb=16000, mem_mib=15259

[Wed Sep  9 17:58:30 2026]
rule archaic_match:
    input: sprime/CHS/chr10.score, /public/group_data_2023/xiaoyn/Sprime-workflow-main/Sprime-workflow-main/tools/map_arch/map_arch, /public/group_data_2023/wangc/Data/Archaic_data/denisova25/chr10.Den25.L35MQ25.B30.map35_100.vcf.gz, /public/group_data_2023/wangc/Data/Archaic_data/denisova25/FilterBed/Denisova25.chr10.hg19.L35MQ25.map35_100.GCcov.noSimpleRepeat.noIndel.min10x.bed.gz
    output: archaic_match/CHS/denisovan25/chr10.mscore
    log: logs/CHS/match.denisovan25.10.log
    jobid: 104
    reason: Missing output files: archaic_match/CHS/denisovan25/chr10.mscore; Input files updated by another job: /public/group_data_2023/xiaoyn/Sprime-workflow-main/Sprime-workflow-main/tools/map_arch/map_arch, sprime/CHS/chr10.score
    wildcards: population=CHS, ref=denisovan25, chrom=10
    resources: tmpdir=<TBD>, mem_mb=16000, mem_mib=15259

[Wed Sep  9 17:58:30 2026]
rule archaic_match:
    input: sprime/CHS/chr3.score, /public/group_data_2023/xiaoyn/Sprime-workflow-main/Sprime-workflow-main/tools/map_arch/map_arch, /public/group_data_2023/wangc/Data/Archaic_data/denisova25/chr3.Den25.L35MQ25.B30.map35_100.vcf.gz, /public/group_data_2023/wangc/Data/Archaic_data/denisova25/FilterBed/Denisova25.chr3.hg19.L35MQ25.map35_100.GCcov.noSimpleRepeat.noIndel.min10x.bed.gz
    output: archaic_match/CHS/denisovan25/chr3.mscore
    log: logs/CHS/match.denisovan25.3.log
    jobid: 97
    reason: Missing output files: archaic_match/CHS/denisovan25/chr3.mscore; Input files updated by another job: /public/group_data_2023/xiaoyn/Sprime-workflow-main/Sprime-workflow-main/tools/map_arch/map_arch, sprime/CHS/chr3.score
    wildcards: population=CHS, ref=denisovan25, chrom=3
    resources: tmpdir=<TBD>, mem_mb=16000, mem_mib=15259

[Wed Sep  9 17:58:30 2026]
rule archaic_match:
    input: sprime/CHS/chr18.score, /public/group_data_2023/xiaoyn/Sprime-workflow-main/Sprime-workflow-main/tools/map_arch/map_arch, /public/group_data_2023/xiaoyn/Data_Denisovan/Denisovan/chr_18.vcf.gz, /public/group_data_2023/xiaoyn/Data_Denisovan/Denisovan/FilterBed/chr18_mask.bed.gz
    output: archaic_match/CHS/denisovan3/chr18.mscore
    log: logs/CHS/match.denisovan3.18.log
    jobid: 90
    reason: Missing output files: archaic_match/CHS/denisovan3/chr18.mscore; Input files updated by another job: /public/group_data_2023/xiaoyn/Sprime-workflow-main/Sprime-workflow-main/tools/map_arch/map_arch, sprime/CHS/chr18.score
    wildcards: population=CHS, ref=denisovan3, chrom=18
    resources: tmpdir=<TBD>, mem_mb=16000, mem_mib=15259

[Wed Sep  9 17:58:30 2026]
rule archaic_match:
    input: sprime/CHS/chr11.score, /public/group_data_2023/xiaoyn/Sprime-workflow-main/Sprime-workflow-main/tools/map_arch/map_arch, /public/group_data_2023/xiaoyn/Data_Denisovan/Denisovan/chr_11.vcf.gz, /public/group_data_2023/xiaoyn/Data_Denisovan/Denisovan/FilterBed/chr11_mask.bed.gz
    output: archaic_match/CHS/denisovan3/chr11.mscore
    log: logs/CHS/match.denisovan3.11.log
    jobid: 83
    reason: Missing output files: archaic_match/CHS/denisovan3/chr11.mscore; Input files updated by another job: /public/group_data_2023/xiaoyn/Sprime-workflow-main/Sprime-workflow-main/tools/map_arch/map_arch, sprime/CHS/chr11.score
    wildcards: population=CHS, ref=denisovan3, chrom=11
    resources: tmpdir=<TBD>, mem_mb=16000, mem_mib=15259

[Wed Sep  9 17:58:30 2026]
rule archaic_match:
    input: sprime/CHS/chr5.score, /public/group_data_2023/xiaoyn/Sprime-workflow-main/Sprime-workflow-main/tools/map_arch/map_arch, /public/group_data_2023/xiaoyn/Data_Denisovan/Denisovan/chr_5.vcf.gz, /public/group_data_2023/xiaoyn/Data_Denisovan/Denisovan/FilterBed/chr5_mask.bed.gz
    output: archaic_match/CHS/denisovan3/chr5.mscore
    log: logs/CHS/match.denisovan3.5.log
    jobid: 77
    reason: Missing output files: archaic_match/CHS/denisovan3/chr5.mscore; Input files updated by another job: /public/group_data_2023/xiaoyn/Sprime-workflow-main/Sprime-workflow-main/tools/map_arch/map_arch, sprime/CHS/chr5.score
    wildcards: population=CHS, ref=denisovan3, chrom=5
    resources: tmpdir=<TBD>, mem_mb=16000, mem_mib=15259

[Wed Sep  9 17:58:30 2026]
rule archaic_match:
    input: sprime/CHS/chr20.score, /public/group_data_2023/xiaoyn/Sprime-workflow-main/Sprime-workflow-main/tools/map_arch/map_arch, /public/group_data_2023/xiaoyn/Data_Nean/Data_Altai_16/gz/chr20.vcf.gz, /public/group_data_2023/xiaoyn/Data_Nean/Data_Altai_16/FilterBed/chr20_mask.bed.gz
    output: archaic_match/CHS/altai_nean/chr20.mscore
    log: logs/CHS/match.altai_nean.20.log
    jobid: 67
    reason: Missing output files: archaic_match/CHS/altai_nean/chr20.mscore; Input files updated by another job: /public/group_data_2023/xiaoyn/Sprime-workflow-main/Sprime-workflow-main/tools/map_arch/map_arch, sprime/CHS/chr20.score
    wildcards: population=CHS, ref=altai_nean, chrom=20
    resources: tmpdir=<TBD>, mem_mb=16000, mem_mib=15259

[Wed Sep  9 17:58:30 2026]
rule archaic_match:
    input: sprime/CHS/chr13.score, /public/group_data_2023/xiaoyn/Sprime-workflow-main/Sprime-workflow-main/tools/map_arch/map_arch, /public/group_data_2023/xiaoyn/Data_Nean/Data_Altai_16/gz/chr13.vcf.gz, /public/group_data_2023/xiaoyn/Data_Nean/Data_Altai_16/FilterBed/chr13_mask.bed.gz
    output: archaic_match/CHS/altai_nean/chr13.mscore
    log: logs/CHS/match.altai_nean.13.log
    jobid: 53
    reason: Missing output files: archaic_match/CHS/altai_nean/chr13.mscore; Input files updated by another job: /public/group_data_2023/xiaoyn/Sprime-workflow-main/Sprime-workflow-main/tools/map_arch/map_arch, sprime/CHS/chr13.score
    wildcards: population=CHS, ref=altai_nean, chrom=13
    resources: tmpdir=<TBD>, mem_mb=16000, mem_mib=15259

[Wed Sep  9 17:58:30 2026]
rule archaic_match:
    input: sprime/CHS/chr6.score, /public/group_data_2023/xiaoyn/Sprime-workflow-main/Sprime-workflow-main/tools/map_arch/map_arch, /public/group_data_2023/xiaoyn/Data_Nean/Data_Altai_16/gz/chr6.vcf.gz, /public/group_data_2023/xiaoyn/Data_Nean/Data_Altai_16/FilterBed/chr6_mask.bed.gz
    output: archaic_match/CHS/altai_nean/chr6.mscore
    log: logs/CHS/match.altai_nean.6.log
    jobid: 39
    reason: Missing output files: archaic_match/CHS/altai_nean/chr6.mscore; Input files updated by another job: /public/group_data_2023/xiaoyn/Sprime-workflow-main/Sprime-workflow-main/tools/map_arch/map_arch, sprime/CHS/chr6.score
    wildcards: population=CHS, ref=altai_nean, chrom=6
    resources: tmpdir=<TBD>, mem_mb=16000, mem_mib=15259

[Wed Sep  9 17:58:30 2026]
rule archaic_match:
    input: sprime/CHS/chr18.score, /public/group_data_2023/xiaoyn/Sprime-workflow-main/Sprime-workflow-main/tools/map_arch/map_arch, /public/group_data_2023/wangc/Data/Archaic_data/denisova25/chr18.Den25.L35MQ25.B30.map35_100.vcf.gz, /public/group_data_2023/wangc/Data/Archaic_data/denisova25/FilterBed/Denisova25.chr18.hg19.L35MQ25.map35_100.GCcov.noSimpleRepeat.noIndel.min10x.bed.gz
    output: archaic_match/CHS/denisovan25/chr18.mscore
    log: logs/CHS/match.denisovan25.18.log
    jobid: 112
    reason: Missing output files: archaic_match/CHS/denisovan25/chr18.mscore; Input files updated by another job: /public/group_data_2023/xiaoyn/Sprime-workflow-main/Sprime-workflow-main/tools/map_arch/map_arch, sprime/CHS/chr18.score
    wildcards: population=CHS, ref=denisovan25, chrom=18
    resources: tmpdir=<TBD>, mem_mb=16000, mem_mib=15259

[Wed Sep  9 17:58:30 2026]
rule archaic_match:
    input: sprime/CHS/chr11.score, /public/group_data_2023/xiaoyn/Sprime-workflow-main/Sprime-workflow-main/tools/map_arch/map_arch, /public/group_data_2023/wangc/Data/Archaic_data/denisova25/chr11.Den25.L35MQ25.B30.map35_100.vcf.gz, /public/group_data_2023/wangc/Data/Archaic_data/denisova25/FilterBed/Denisova25.chr11.hg19.L35MQ25.map35_100.GCcov.noSimpleRepeat.noIndel.min10x.bed.gz
    output: archaic_match/CHS/denisovan25/chr11.mscore
    log: logs/CHS/match.denisovan25.11.log
    jobid: 105
    reason: Missing output files: archaic_match/CHS/denisovan25/chr11.mscore; Input files updated by another job: /public/group_data_2023/xiaoyn/Sprime-workflow-main/Sprime-workflow-main/tools/map_arch/map_arch, sprime/CHS/chr11.score
    wildcards: population=CHS, ref=denisovan25, chrom=11
    resources: tmpdir=<TBD>, mem_mb=16000, mem_mib=15259

[Wed Sep  9 17:58:30 2026]
rule archaic_match:
    input: sprime/CHS/chr4.score, /public/group_data_2023/xiaoyn/Sprime-workflow-main/Sprime-workflow-main/tools/map_arch/map_arch, /public/group_data_2023/wangc/Data/Archaic_data/denisova25/chr4.Den25.L35MQ25.B30.map35_100.vcf.gz, /public/group_data_2023/wangc/Data/Archaic_data/denisova25/FilterBed/Denisova25.chr4.hg19.L35MQ25.map35_100.GCcov.noSimpleRepeat.noIndel.min10x.bed.gz
    output: archaic_match/CHS/denisovan25/chr4.mscore
    log: logs/CHS/match.denisovan25.4.log
    jobid: 98
    reason: Missing output files: archaic_match/CHS/denisovan25/chr4.mscore; Input files updated by another job: /public/group_data_2023/xiaoyn/Sprime-workflow-main/Sprime-workflow-main/tools/map_arch/map_arch, sprime/CHS/chr4.score
    wildcards: population=CHS, ref=denisovan25, chrom=4
    resources: tmpdir=<TBD>, mem_mb=16000, mem_mib=15259

[Wed Sep  9 17:58:30 2026]
rule archaic_match:
    input: sprime/CHS/chr19.score, /public/group_data_2023/xiaoyn/Sprime-workflow-main/Sprime-workflow-main/tools/map_arch/map_arch, /public/group_data_2023/xiaoyn/Data_Denisovan/Denisovan/chr_19.vcf.gz, /public/group_data_2023/xiaoyn/Data_Denisovan/Denisovan/FilterBed/chr19_mask.bed.gz
    output: archaic_match/CHS/denisovan3/chr19.mscore
    log: logs/CHS/match.denisovan3.19.log
    jobid: 91
    reason: Missing output files: archaic_match/CHS/denisovan3/chr19.mscore; Input files updated by another job: /public/group_data_2023/xiaoyn/Sprime-workflow-main/Sprime-workflow-main/tools/map_arch/map_arch, sprime/CHS/chr19.score
    wildcards: population=CHS, ref=denisovan3, chrom=19
    resources: tmpdir=<TBD>, mem_mb=16000, mem_mib=15259

[Wed Sep  9 17:58:30 2026]
rule archaic_match:
    input: sprime/CHS/chr12.score, /public/group_data_2023/xiaoyn/Sprime-workflow-main/Sprime-workflow-main/tools/map_arch/map_arch, /public/group_data_2023/xiaoyn/Data_Denisovan/Denisovan/chr_12.vcf.gz, /public/group_data_2023/xiaoyn/Data_Denisovan/Denisovan/FilterBed/chr12_mask.bed.gz
    output: archaic_match/CHS/denisovan3/chr12.mscore
    log: logs/CHS/match.denisovan3.12.log
    jobid: 84
    reason: Missing output files: archaic_match/CHS/denisovan3/chr12.mscore; Input files updated by another job: /public/group_data_2023/xiaoyn/Sprime-workflow-main/Sprime-workflow-main/tools/map_arch/map_arch, sprime/CHS/chr12.score
    wildcards: population=CHS, ref=denisovan3, chrom=12
    resources: tmpdir=<TBD>, mem_mb=16000, mem_mib=15259

[Wed Sep  9 17:58:30 2026]
rule archaic_match:
    input: sprime/CHS/chr21.score, /public/group_data_2023/xiaoyn/Sprime-workflow-main/Sprime-workflow-main/tools/map_arch/map_arch, /public/group_data_2023/xiaoyn/Data_Nean/Data_Altai_16/gz/chr21.vcf.gz, /public/group_data_2023/xiaoyn/Data_Nean/Data_Altai_16/FilterBed/chr21_mask.bed.gz
    output: archaic_match/CHS/altai_nean/chr21.mscore
    log: logs/CHS/match.altai_nean.21.log
    jobid: 69
    reason: Missing output files: archaic_match/CHS/altai_nean/chr21.mscore; Input files updated by another job: /public/group_data_2023/xiaoyn/Sprime-workflow-main/Sprime-workflow-main/tools/map_arch/map_arch, sprime/CHS/chr21.score
    wildcards: population=CHS, ref=altai_nean, chrom=21
    resources: tmpdir=<TBD>, mem_mb=16000, mem_mib=15259

[Wed Sep  9 17:58:30 2026]
rule archaic_match:
    input: sprime/CHS/chr14.score, /public/group_data_2023/xiaoyn/Sprime-workflow-main/Sprime-workflow-main/tools/map_arch/map_arch, /public/group_data_2023/xiaoyn/Data_Nean/Data_Altai_16/gz/chr14.vcf.gz, /public/group_data_2023/xiaoyn/Data_Nean/Data_Altai_16/FilterBed/chr14_mask.bed.gz
    output: archaic_match/CHS/altai_nean/chr14.mscore
    log: logs/CHS/match.altai_nean.14.log
    jobid: 55
    reason: Missing output files: archaic_match/CHS/altai_nean/chr14.mscore; Input files updated by another job: /public/group_data_2023/xiaoyn/Sprime-workflow-main/Sprime-workflow-main/tools/map_arch/map_arch, sprime/CHS/chr14.score
    wildcards: population=CHS, ref=altai_nean, chrom=14
    resources: tmpdir=<TBD>, mem_mb=16000, mem_mib=15259

[Wed Sep  9 17:58:30 2026]
rule archaic_match:
    input: sprime/CHS/chr19.score, /public/group_data_2023/xiaoyn/Sprime-workflow-main/Sprime-workflow-main/tools/map_arch/map_arch, /public/group_data_2023/wangc/Data/Archaic_data/denisova25/chr19.Den25.L35MQ25.B30.map35_100.vcf.gz, /public/group_data_2023/wangc/Data/Archaic_data/denisova25/FilterBed/Denisova25.chr19.hg19.L35MQ25.map35_100.GCcov.noSimpleRepeat.noIndel.min10x.bed.gz
    output: archaic_match/CHS/denisovan25/chr19.mscore
    log: logs/CHS/match.denisovan25.19.log
    jobid: 113
    reason: Missing output files: archaic_match/CHS/denisovan25/chr19.mscore; Input files updated by another job: /public/group_data_2023/xiaoyn/Sprime-workflow-main/Sprime-workflow-main/tools/map_arch/map_arch, sprime/CHS/chr19.score
    wildcards: population=CHS, ref=denisovan25, chrom=19
    resources: tmpdir=<TBD>, mem_mb=16000, mem_mib=15259

[Wed Sep  9 17:58:30 2026]
rule archaic_match:
    input: sprime/CHS/chr5.score, /public/group_data_2023/xiaoyn/Sprime-workflow-main/Sprime-workflow-main/tools/map_arch/map_arch, /public/group_data_2023/xiaoyn/Data_Nean/Data_Altai_16/gz/chr5.vcf.gz, /public/group_data_2023/xiaoyn/Data_Nean/Data_Altai_16/FilterBed/chr5_mask.bed.gz
    output: archaic_match/CHS/altai_nean/chr5.mscore
    log: logs/CHS/match.altai_nean.5.log
    jobid: 37
    reason: Missing output files: archaic_match/CHS/altai_nean/chr5.mscore; Input files updated by another job: /public/group_data_2023/xiaoyn/Sprime-workflow-main/Sprime-workflow-main/tools/map_arch/map_arch, sprime/CHS/chr5.score
    wildcards: population=CHS, ref=altai_nean, chrom=5
    resources: tmpdir=<TBD>, mem_mb=16000, mem_mib=15259

[Wed Sep  9 17:58:30 2026]
rule archaic_match:
    input: sprime/CHS/chr5.score, /public/group_data_2023/xiaoyn/Sprime-workflow-main/Sprime-workflow-main/tools/map_arch/map_arch, /public/group_data_2023/wangc/Data/Archaic_data/denisova25/chr5.Den25.L35MQ25.B30.map35_100.vcf.gz, /public/group_data_2023/wangc/Data/Archaic_data/denisova25/FilterBed/Denisova25.chr5.hg19.L35MQ25.map35_100.GCcov.noSimpleRepeat.noIndel.min10x.bed.gz
    output: archaic_match/CHS/denisovan25/chr5.mscore
    log: logs/CHS/match.denisovan25.5.log
    jobid: 99
    reason: Missing output files: archaic_match/CHS/denisovan25/chr5.mscore; Input files updated by another job: /public/group_data_2023/xiaoyn/Sprime-workflow-main/Sprime-workflow-main/tools/map_arch/map_arch, sprime/CHS/chr5.score
    wildcards: population=CHS, ref=denisovan25, chrom=5
    resources: tmpdir=<TBD>, mem_mb=16000, mem_mib=15259

[Wed Sep  9 17:58:30 2026]
rule prepare_gmm_base:
    input: archaic_match/CHS/altai_nean/chr1.mscore, archaic_match/CHS/altai_nean/chr2.mscore, archaic_match/CHS/altai_nean/chr3.mscore, archaic_match/CHS/altai_nean/chr4.mscore, archaic_match/CHS/altai_nean/chr5.mscore, archaic_match/CHS/altai_nean/chr6.mscore, archaic_match/CHS/altai_nean/chr7.mscore, archaic_match/CHS/altai_nean/chr8.mscore, archaic_match/CHS/altai_nean/chr9.mscore, archaic_match/CHS/altai_nean/chr10.mscore, archaic_match/CHS/altai_nean/chr11.mscore, archaic_match/CHS/altai_nean/chr12.mscore, archaic_match/CHS/altai_nean/chr13.mscore, archaic_match/CHS/altai_nean/chr14.mscore, archaic_match/CHS/altai_nean/chr15.mscore, archaic_match/CHS/altai_nean/chr16.mscore, archaic_match/CHS/altai_nean/chr17.mscore, archaic_match/CHS/altai_nean/chr18.mscore, archaic_match/CHS/altai_nean/chr19.mscore, archaic_match/CHS/altai_nean/chr20.mscore, archaic_match/CHS/altai_nean/chr21.mscore, archaic_match/CHS/altai_nean/chr22.mscore, archaic_match/CHS/denisovan3/chr1.mscore, archaic_match/CHS/denisovan3/chr2.mscore, archaic_match/CHS/denisovan3/chr3.mscore, archaic_match/CHS/denisovan3/chr4.mscore, archaic_match/CHS/denisovan3/chr5.mscore, archaic_match/CHS/denisovan3/chr6.mscore, archaic_match/CHS/denisovan3/chr7.mscore, archaic_match/CHS/denisovan3/chr8.mscore, archaic_match/CHS/denisovan3/chr9.mscore, archaic_match/CHS/denisovan3/chr10.mscore, archaic_match/CHS/denisovan3/chr11.mscore, archaic_match/CHS/denisovan3/chr12.mscore, archaic_match/CHS/denisovan3/chr13.mscore, archaic_match/CHS/denisovan3/chr14.mscore, archaic_match/CHS/denisovan3/chr15.mscore, archaic_match/CHS/denisovan3/chr16.mscore, archaic_match/CHS/denisovan3/chr17.mscore, archaic_match/CHS/denisovan3/chr18.mscore, archaic_match/CHS/denisovan3/chr19.mscore, archaic_match/CHS/denisovan3/chr20.mscore, archaic_match/CHS/denisovan3/chr21.mscore, archaic_match/CHS/denisovan3/chr22.mscore, archaic_match/CHS/denisovan25/chr1.mscore, archaic_match/CHS/denisovan25/chr2.mscore, archaic_match/CHS/denisovan25/chr3.mscore, archaic_match/CHS/denisovan25/chr4.mscore, archaic_match/CHS/denisovan25/chr5.mscore, archaic_match/CHS/denisovan25/chr6.mscore, archaic_match/CHS/denisovan25/chr7.mscore, archaic_match/CHS/denisovan25/chr8.mscore, archaic_match/CHS/denisovan25/chr9.mscore, archaic_match/CHS/denisovan25/chr10.mscore, archaic_match/CHS/denisovan25/chr11.mscore, archaic_match/CHS/denisovan25/chr12.mscore, archaic_match/CHS/denisovan25/chr13.mscore, archaic_match/CHS/denisovan25/chr14.mscore, archaic_match/CHS/denisovan25/chr15.mscore, archaic_match/CHS/denisovan25/chr16.mscore, archaic_match/CHS/denisovan25/chr17.mscore, archaic_match/CHS/denisovan25/chr18.mscore, archaic_match/CHS/denisovan25/chr19.mscore, archaic_match/CHS/denisovan25/chr20.mscore, archaic_match/CHS/denisovan25/chr21.mscore, archaic_match/CHS/denisovan25/chr22.mscore
    output: work/CHS/gmm_base.tsv
    log: logs/CHS/gmm_base.log
    jobid: 122
    reason: Missing output files: work/CHS/gmm_base.tsv; Input files updated by another job: archaic_match/CHS/denisovan25/chr20.mscore, archaic_match/CHS/altai_nean/chr1.mscore, archaic_match/CHS/denisovan25/chr5.mscore, archaic_match/CHS/altai_nean/chr16.mscore, archaic_match/CHS/denisovan3/chr20.mscore, archaic_match/CHS/altai_nean/chr15.mscore, archaic_match/CHS/denisovan25/chr4.mscore, archaic_match/CHS/denisovan25/chr16.mscore, archaic_match/CHS/altai_nean/chr7.mscore, archaic_match/CHS/denisovan3/chr9.mscore, archaic_match/CHS/denisovan3/chr12.mscore, archaic_match/CHS/denisovan25/chr10.mscore, archaic_match/CHS/denisovan25/chr7.mscore, archaic_match/CHS/denisovan3/chr1.mscore, archaic_match/CHS/altai_nean/chr20.mscore, archaic_match/CHS/altai_nean/chr2.mscore, archaic_match/CHS/altai_nean/chr4.mscore, archaic_match/CHS/denisovan3/chr21.mscore, archaic_match/CHS/altai_nean/chr3.mscore, archaic_match/CHS/denisovan3/chr5.mscore, archaic_match/CHS/denisovan3/chr22.mscore, archaic_match/CHS/altai_nean/chr10.mscore, archaic_match/CHS/denisovan3/chr11.mscore, archaic_match/CHS/denisovan25/chr11.mscore, archaic_match/CHS/altai_nean/chr19.mscore, archaic_match/CHS/denisovan25/chr14.mscore, archaic_match/CHS/altai_nean/chr9.mscore, archaic_match/CHS/altai_nean/chr13.mscore, archaic_match/CHS/altai_nean/chr22.mscore, archaic_match/CHS/denisovan3/chr19.mscore, archaic_match/CHS/denisovan25/chr8.mscore, archaic_match/CHS/altai_nean/chr6.mscore, archaic_match/CHS/denisovan3/chr7.mscore, archaic_match/CHS/denisovan25/chr12.mscore, archaic_match/CHS/denisovan3/chr4.mscore, archaic_match/CHS/altai_nean/chr8.mscore, archaic_match/CHS/altai_nean/chr11.mscore, archaic_match/CHS/denisovan3/chr2.mscore, archaic_match/CHS/denisovan25/chr17.mscore, archaic_match/CHS/denisovan3/chr17.mscore, archaic_match/CHS/denisovan3/chr15.mscore, archaic_match/CHS/denisovan3/chr18.mscore, archaic_match/CHS/denisovan25/chr19.mscore, archaic_match/CHS/denisovan3/chr6.mscore, archaic_match/CHS/denisovan25/chr1.mscore, archaic_match/CHS/denisovan3/chr10.mscore, archaic_match/CHS/denisovan3/chr8.mscore, archaic_match/CHS/altai_nean/chr18.mscore, archaic_match/CHS/denisovan25/chr13.mscore, archaic_match/CHS/denisovan3/chr16.mscore, archaic_match/CHS/denisovan25/chr18.mscore, archaic_match/CHS/altai_nean/chr21.mscore, archaic_match/CHS/denisovan25/chr9.mscore, archaic_match/CHS/altai_nean/chr5.mscore, archaic_match/CHS/denisovan25/chr21.mscore, archaic_match/CHS/denisovan3/chr3.mscore, archaic_match/CHS/denisovan25/chr3.mscore, archaic_match/CHS/denisovan25/chr22.mscore, archaic_match/CHS/denisovan25/chr6.mscore, archaic_match/CHS/denisovan3/chr13.mscore, archaic_match/CHS/altai_nean/chr17.mscore, archaic_match/CHS/altai_nean/chr14.mscore, archaic_match/CHS/denisovan25/chr2.mscore, archaic_match/CHS/altai_nean/chr12.mscore, archaic_match/CHS/denisovan25/chr15.mscore, archaic_match/CHS/denisovan3/chr14.mscore
    wildcards: population=CHS
    resources: tmpdir=<TBD>, mem_mb=8000, mem_mib=7630

[Wed Sep  9 17:58:30 2026]
rule summarize:
    input: archaic_match/CHS/altai_nean/chr1.mscore, archaic_match/CHS/altai_nean/chr2.mscore, archaic_match/CHS/altai_nean/chr3.mscore, archaic_match/CHS/altai_nean/chr4.mscore, archaic_match/CHS/altai_nean/chr5.mscore, archaic_match/CHS/altai_nean/chr6.mscore, archaic_match/CHS/altai_nean/chr7.mscore, archaic_match/CHS/altai_nean/chr8.mscore, archaic_match/CHS/altai_nean/chr9.mscore, archaic_match/CHS/altai_nean/chr10.mscore, archaic_match/CHS/altai_nean/chr11.mscore, archaic_match/CHS/altai_nean/chr12.mscore, archaic_match/CHS/altai_nean/chr13.mscore, archaic_match/CHS/altai_nean/chr14.mscore, archaic_match/CHS/altai_nean/chr15.mscore, archaic_match/CHS/altai_nean/chr16.mscore, archaic_match/CHS/altai_nean/chr17.mscore, archaic_match/CHS/altai_nean/chr18.mscore, archaic_match/CHS/altai_nean/chr19.mscore, archaic_match/CHS/altai_nean/chr20.mscore, archaic_match/CHS/altai_nean/chr21.mscore, archaic_match/CHS/altai_nean/chr22.mscore, archaic_match/CHS/denisovan3/chr1.mscore, archaic_match/CHS/denisovan3/chr2.mscore, archaic_match/CHS/denisovan3/chr3.mscore, archaic_match/CHS/denisovan3/chr4.mscore, archaic_match/CHS/denisovan3/chr5.mscore, archaic_match/CHS/denisovan3/chr6.mscore, archaic_match/CHS/denisovan3/chr7.mscore, archaic_match/CHS/denisovan3/chr8.mscore, archaic_match/CHS/denisovan3/chr9.mscore, archaic_match/CHS/denisovan3/chr10.mscore, archaic_match/CHS/denisovan3/chr11.mscore, archaic_match/CHS/denisovan3/chr12.mscore, archaic_match/CHS/denisovan3/chr13.mscore, archaic_match/CHS/denisovan3/chr14.mscore, archaic_match/CHS/denisovan3/chr15.mscore, archaic_match/CHS/denisovan3/chr16.mscore, archaic_match/CHS/denisovan3/chr17.mscore, archaic_match/CHS/denisovan3/chr18.mscore, archaic_match/CHS/denisovan3/chr19.mscore, archaic_match/CHS/denisovan3/chr20.mscore, archaic_match/CHS/denisovan3/chr21.mscore, archaic_match/CHS/denisovan3/chr22.mscore, archaic_match/CHS/denisovan25/chr1.mscore, archaic_match/CHS/denisovan25/chr2.mscore, archaic_match/CHS/denisovan25/chr3.mscore, archaic_match/CHS/denisovan25/chr4.mscore, archaic_match/CHS/denisovan25/chr5.mscore, archaic_match/CHS/denisovan25/chr6.mscore, archaic_match/CHS/denisovan25/chr7.mscore, archaic_match/CHS/denisovan25/chr8.mscore, archaic_match/CHS/denisovan25/chr9.mscore, archaic_match/CHS/denisovan25/chr10.mscore, archaic_match/CHS/denisovan25/chr11.mscore, archaic_match/CHS/denisovan25/chr12.mscore, archaic_match/CHS/denisovan25/chr13.mscore, archaic_match/CHS/denisovan25/chr14.mscore, archaic_match/CHS/denisovan25/chr15.mscore, archaic_match/CHS/denisovan25/chr16.mscore, archaic_match/CHS/denisovan25/chr17.mscore, archaic_match/CHS/denisovan25/chr18.mscore, archaic_match/CHS/denisovan25/chr19.mscore, archaic_match/CHS/denisovan25/chr20.mscore, archaic_match/CHS/denisovan25/chr21.mscore, archaic_match/CHS/denisovan25/chr22.mscore
    output: tables/CHS.wide.tsv
    log: logs/CHS/summary.log
    jobid: 2
    reason: Missing output files: tables/CHS.wide.tsv; Input files updated by another job: archaic_match/CHS/denisovan25/chr20.mscore, archaic_match/CHS/altai_nean/chr1.mscore, archaic_match/CHS/denisovan25/chr5.mscore, archaic_match/CHS/altai_nean/chr16.mscore, archaic_match/CHS/denisovan3/chr20.mscore, archaic_match/CHS/altai_nean/chr15.mscore, archaic_match/CHS/denisovan25/chr4.mscore, archaic_match/CHS/denisovan25/chr16.mscore, archaic_match/CHS/altai_nean/chr7.mscore, archaic_match/CHS/denisovan3/chr9.mscore, archaic_match/CHS/denisovan3/chr12.mscore, archaic_match/CHS/denisovan25/chr10.mscore, archaic_match/CHS/denisovan25/chr7.mscore, archaic_match/CHS/denisovan3/chr1.mscore, archaic_match/CHS/altai_nean/chr20.mscore, archaic_match/CHS/altai_nean/chr2.mscore, archaic_match/CHS/altai_nean/chr4.mscore, archaic_match/CHS/denisovan3/chr21.mscore, archaic_match/CHS/altai_nean/chr3.mscore, archaic_match/CHS/denisovan3/chr5.mscore, archaic_match/CHS/denisovan3/chr22.mscore, archaic_match/CHS/altai_nean/chr10.mscore, archaic_match/CHS/denisovan3/chr11.mscore, archaic_match/CHS/denisovan25/chr11.mscore, archaic_match/CHS/altai_nean/chr19.mscore, archaic_match/CHS/denisovan25/chr14.mscore, archaic_match/CHS/altai_nean/chr9.mscore, archaic_match/CHS/altai_nean/chr13.mscore, archaic_match/CHS/altai_nean/chr22.mscore, archaic_match/CHS/denisovan3/chr19.mscore, archaic_match/CHS/denisovan25/chr8.mscore, archaic_match/CHS/altai_nean/chr6.mscore, archaic_match/CHS/denisovan3/chr7.mscore, archaic_match/CHS/denisovan25/chr12.mscore, archaic_match/CHS/denisovan3/chr4.mscore, archaic_match/CHS/altai_nean/chr8.mscore, archaic_match/CHS/altai_nean/chr11.mscore, archaic_match/CHS/denisovan3/chr2.mscore, archaic_match/CHS/denisovan25/chr17.mscore, archaic_match/CHS/denisovan3/chr17.mscore, archaic_match/CHS/denisovan3/chr15.mscore, archaic_match/CHS/denisovan3/chr18.mscore, archaic_match/CHS/denisovan25/chr19.mscore, archaic_match/CHS/denisovan3/chr6.mscore, archaic_match/CHS/denisovan25/chr1.mscore, archaic_match/CHS/denisovan3/chr10.mscore, archaic_match/CHS/denisovan3/chr8.mscore, archaic_match/CHS/altai_nean/chr18.mscore, archaic_match/CHS/denisovan25/chr13.mscore, archaic_match/CHS/denisovan3/chr16.mscore, archaic_match/CHS/denisovan25/chr18.mscore, archaic_match/CHS/altai_nean/chr21.mscore, archaic_match/CHS/denisovan25/chr9.mscore, archaic_match/CHS/altai_nean/chr5.mscore, archaic_match/CHS/denisovan25/chr21.mscore, archaic_match/CHS/denisovan3/chr3.mscore, archaic_match/CHS/denisovan25/chr3.mscore, archaic_match/CHS/denisovan25/chr22.mscore, archaic_match/CHS/denisovan25/chr6.mscore, archaic_match/CHS/denisovan3/chr13.mscore, archaic_match/CHS/altai_nean/chr17.mscore, archaic_match/CHS/altai_nean/chr14.mscore, archaic_match/CHS/denisovan25/chr2.mscore, archaic_match/CHS/altai_nean/chr12.mscore, archaic_match/CHS/denisovan25/chr15.mscore, archaic_match/CHS/denisovan3/chr14.mscore
    wildcards: population=CHS
    resources: tmpdir=<TBD>, mem_mb=8000, mem_mib=7630

[Wed Sep  9 17:58:30 2026]
rule contour:
    input: tables/CHS.wide.tsv, /public/group_data_2023/xiaoyn/Sprime-workflow-main/Sprime-workflow-main/workflow/scripts/plot_contour.R
    output: plots/CHS.denisovan3__denisovan25.png
    log: logs/CHS/contour.denisovan3__denisovan25.log
    jobid: 118
    reason: Missing output files: plots/CHS.denisovan3__denisovan25.png; Input files updated by another job: tables/CHS.wide.tsv
    wildcards: population=CHS, pair=denisovan3__denisovan25
    resources: tmpdir=<TBD>

[Wed Sep  9 17:58:30 2026]
rule collect_tables:
    input: tables/CHS.wide.tsv
    output: tables/segment_match_rates.wide.tsv.gz, tables/segment_match_rates.long.tsv.gz, tables/population_match_summary.tsv
    log: logs/collect_tables.log
    jobid: 1
    reason: Missing output files: tables/population_match_summary.tsv, tables/segment_match_rates.wide.tsv.gz, tables/segment_match_rates.long.tsv.gz; Input files updated by another job: tables/CHS.wide.tsv
    resources: tmpdir=<TBD>

[Wed Sep  9 17:58:30 2026]
rule classify:
    input: tables/CHS.wide.tsv
    output: classification/CHS.tsv
    log: logs/CHS/classify.log
    jobid: 117
    reason: Missing output files: classification/CHS.tsv; Input files updated by another job: tables/CHS.wide.tsv
    wildcards: population=CHS
    resources: tmpdir=<TBD>

[Wed Sep  9 17:58:30 2026]
rule gmm_input:
    input: work/CHS/gmm_base.tsv
    output: gmm/input/CHS.tsv
    log: logs/CHS/gmm_input.log
    jobid: 121
    reason: Missing output files: gmm/input/CHS.tsv; Input files updated by another job: work/CHS/gmm_base.tsv
    wildcards: population=CHS
    resources: tmpdir=<TBD>

[Wed Sep  9 17:58:30 2026]
rule individual_chr:
    input: work/CHS/chr20.vcf.gz, work/CHS/chr20.vcf.gz.csi, sprime/CHS/chr20.score, classification/CHS.tsv, /public/group_data_2023/xiaoyn/Sprime-workflow-main/Sprime-workflow-main/config/samples-test.tsv
    output: work/CHS/individual.20.tsv
    log: logs/CHS/individual.20.log
    jobid: 145
    reason: Missing output files: work/CHS/individual.20.tsv; Input files updated by another job: classification/CHS.tsv, work/CHS/chr20.vcf.gz, work/CHS/chr20.vcf.gz.csi, sprime/CHS/chr20.score
    wildcards: population=CHS, chrom=20
    resources: tmpdir=<TBD>, mem_mb=8000, mem_mib=7630

[Wed Sep  9 17:58:30 2026]
rule individual_chr:
    input: work/CHS/chr14.vcf.gz, work/CHS/chr14.vcf.gz.csi, sprime/CHS/chr14.score, classification/CHS.tsv, /public/group_data_2023/xiaoyn/Sprime-workflow-main/Sprime-workflow-main/config/samples-test.tsv
    output: work/CHS/individual.14.tsv
    log: logs/CHS/individual.14.log
    jobid: 139
    reason: Missing output files: work/CHS/individual.14.tsv; Input files updated by another job: work/CHS/chr14.vcf.gz.csi, classification/CHS.tsv, work/CHS/chr14.vcf.gz, sprime/CHS/chr14.score
    wildcards: population=CHS, chrom=14
    resources: tmpdir=<TBD>, mem_mb=8000, mem_mib=7630

[Wed Sep  9 17:58:30 2026]
rule individual_chr:
    input: work/CHS/chr7.vcf.gz, work/CHS/chr7.vcf.gz.csi, sprime/CHS/chr7.score, classification/CHS.tsv, /public/group_data_2023/xiaoyn/Sprime-workflow-main/Sprime-workflow-main/config/samples-test.tsv
    output: work/CHS/individual.7.tsv
    log: logs/CHS/individual.7.log
    jobid: 132
    reason: Missing output files: work/CHS/individual.7.tsv; Input files updated by another job: classification/CHS.tsv, work/CHS/chr7.vcf.gz, work/CHS/chr7.vcf.gz.csi, sprime/CHS/chr7.score
    wildcards: population=CHS, chrom=7
    resources: tmpdir=<TBD>, mem_mb=8000, mem_mib=7630

[Wed Sep  9 17:58:30 2026]
rule individual_chr:
    input: work/CHS/chr21.vcf.gz, work/CHS/chr21.vcf.gz.csi, sprime/CHS/chr21.score, classification/CHS.tsv, /public/group_data_2023/xiaoyn/Sprime-workflow-main/Sprime-workflow-main/config/samples-test.tsv
    output: work/CHS/individual.21.tsv
    log: logs/CHS/individual.21.log
    jobid: 146
    reason: Missing output files: work/CHS/individual.21.tsv; Input files updated by another job: classification/CHS.tsv, sprime/CHS/chr21.score, work/CHS/chr21.vcf.gz.csi, work/CHS/chr21.vcf.gz
    wildcards: population=CHS, chrom=21
    resources: tmpdir=<TBD>, mem_mb=8000, mem_mib=7630

[Wed Sep  9 17:58:30 2026]
rule individual_chr:
    input: work/CHS/chr15.vcf.gz, work/CHS/chr15.vcf.gz.csi, sprime/CHS/chr15.score, classification/CHS.tsv, /public/group_data_2023/xiaoyn/Sprime-workflow-main/Sprime-workflow-main/config/samples-test.tsv
    output: work/CHS/individual.15.tsv
    log: logs/CHS/individual.15.log
    jobid: 140
    reason: Missing output files: work/CHS/individual.15.tsv; Input files updated by another job: sprime/CHS/chr15.score, classification/CHS.tsv, work/CHS/chr15.vcf.gz.csi, work/CHS/chr15.vcf.gz
    wildcards: population=CHS, chrom=15
    resources: tmpdir=<TBD>, mem_mb=8000, mem_mib=7630

[Wed Sep  9 17:58:30 2026]
rule individual_chr:
    input: work/CHS/chr8.vcf.gz, work/CHS/chr8.vcf.gz.csi, sprime/CHS/chr8.score, classification/CHS.tsv, /public/group_data_2023/xiaoyn/Sprime-workflow-main/Sprime-workflow-main/config/samples-test.tsv
    output: work/CHS/individual.8.tsv
    log: logs/CHS/individual.8.log
    jobid: 133
    reason: Missing output files: work/CHS/individual.8.tsv; Input files updated by another job: classification/CHS.tsv, work/CHS/chr8.vcf.gz.csi, sprime/CHS/chr8.score, work/CHS/chr8.vcf.gz
    wildcards: population=CHS, chrom=8
    resources: tmpdir=<TBD>, mem_mb=8000, mem_mib=7630

[Wed Sep  9 17:58:30 2026]
rule individual_chr:
    input: work/CHS/chr1.vcf.gz, work/CHS/chr1.vcf.gz.csi, sprime/CHS/chr1.score, classification/CHS.tsv, /public/group_data_2023/xiaoyn/Sprime-workflow-main/Sprime-workflow-main/config/samples-test.tsv
    output: work/CHS/individual.1.tsv
    log: logs/CHS/individual.1.log
    jobid: 126
    reason: Missing output files: work/CHS/individual.1.tsv; Input files updated by another job: sprime/CHS/chr1.score, work/CHS/chr1.vcf.gz.csi, work/CHS/chr1.vcf.gz, classification/CHS.tsv
    wildcards: population=CHS, chrom=1
    resources: tmpdir=<TBD>, mem_mb=8000, mem_mib=7630

[Wed Sep  9 17:58:30 2026]
rule individual_chr:
    input: work/CHS/chr22.vcf.gz, work/CHS/chr22.vcf.gz.csi, sprime/CHS/chr22.score, classification/CHS.tsv, /public/group_data_2023/xiaoyn/Sprime-workflow-main/Sprime-workflow-main/config/samples-test.tsv
    output: work/CHS/individual.22.tsv
    log: logs/CHS/individual.22.log
    jobid: 147
    reason: Missing output files: work/CHS/individual.22.tsv; Input files updated by another job: classification/CHS.tsv, sprime/CHS/chr22.score, work/CHS/chr22.vcf.gz, work/CHS/chr22.vcf.gz.csi
    wildcards: population=CHS, chrom=22
    resources: tmpdir=<TBD>, mem_mb=8000, mem_mib=7630

[Wed Sep  9 17:58:30 2026]
rule individual_chr:
    input: work/CHS/chr16.vcf.gz, work/CHS/chr16.vcf.gz.csi, sprime/CHS/chr16.score, classification/CHS.tsv, /public/group_data_2023/xiaoyn/Sprime-workflow-main/Sprime-workflow-main/config/samples-test.tsv
    output: work/CHS/individual.16.tsv
    log: logs/CHS/individual.16.log
    jobid: 141
    reason: Missing output files: work/CHS/individual.16.tsv; Input files updated by another job: work/CHS/chr16.vcf.gz, classification/CHS.tsv, sprime/CHS/chr16.score, work/CHS/chr16.vcf.gz.csi
    wildcards: population=CHS, chrom=16
    resources: tmpdir=<TBD>, mem_mb=8000, mem_mib=7630

[Wed Sep  9 17:58:30 2026]
rule individual_chr:
    input: work/CHS/chr9.vcf.gz, work/CHS/chr9.vcf.gz.csi, sprime/CHS/chr9.score, classification/CHS.tsv, /public/group_data_2023/xiaoyn/Sprime-workflow-main/Sprime-workflow-main/config/samples-test.tsv
    output: work/CHS/individual.9.tsv
    log: logs/CHS/individual.9.log
    jobid: 134
    reason: Missing output files: work/CHS/individual.9.tsv; Input files updated by another job: work/CHS/chr9.vcf.gz.csi, work/CHS/chr9.vcf.gz, sprime/CHS/chr9.score, classification/CHS.tsv
    wildcards: population=CHS, chrom=9
    resources: tmpdir=<TBD>, mem_mb=8000, mem_mib=7630

[Wed Sep  9 17:58:30 2026]
rule individual_chr:
    input: work/CHS/chr2.vcf.gz, work/CHS/chr2.vcf.gz.csi, sprime/CHS/chr2.score, classification/CHS.tsv, /public/group_data_2023/xiaoyn/Sprime-workflow-main/Sprime-workflow-main/config/samples-test.tsv
    output: work/CHS/individual.2.tsv
    log: logs/CHS/individual.2.log
    jobid: 127
    reason: Missing output files: work/CHS/individual.2.tsv; Input files updated by another job: classification/CHS.tsv, sprime/CHS/chr2.score, work/CHS/chr2.vcf.gz, work/CHS/chr2.vcf.gz.csi
    wildcards: population=CHS, chrom=2
    resources: tmpdir=<TBD>, mem_mb=8000, mem_mib=7630

[Wed Sep  9 17:58:30 2026]
rule fit_gmm:
    input: gmm/input/CHS.tsv
    output: gmm/CHS/denisovan3.selection.tsv, gmm/CHS/denisovan3.components.tsv, gmm/plots/CHS.denisovan3.png
    log: logs/CHS/gmm.denisovan3.log
    jobid: 120
    reason: Missing output files: gmm/CHS/denisovan3.selection.tsv, gmm/CHS/denisovan3.components.tsv, gmm/plots/CHS.denisovan3.png; Input files updated by another job: gmm/input/CHS.tsv
    wildcards: population=CHS, ref=denisovan3
    resources: tmpdir=<TBD>, mem_mb=2000, mem_mib=1908

[Wed Sep  9 17:58:30 2026]
rule individual_chr:
    input: work/CHS/chr17.vcf.gz, work/CHS/chr17.vcf.gz.csi, sprime/CHS/chr17.score, classification/CHS.tsv, /public/group_data_2023/xiaoyn/Sprime-workflow-main/Sprime-workflow-main/config/samples-test.tsv
    output: work/CHS/individual.17.tsv
    log: logs/CHS/individual.17.log
    jobid: 142
    reason: Missing output files: work/CHS/individual.17.tsv; Input files updated by another job: work/CHS/chr17.vcf.gz, classification/CHS.tsv, sprime/CHS/chr17.score, work/CHS/chr17.vcf.gz.csi
    wildcards: population=CHS, chrom=17
    resources: tmpdir=<TBD>, mem_mb=8000, mem_mib=7630

[Wed Sep  9 17:58:30 2026]
rule individual_chr:
    input: work/CHS/chr10.vcf.gz, work/CHS/chr10.vcf.gz.csi, sprime/CHS/chr10.score, classification/CHS.tsv, /public/group_data_2023/xiaoyn/Sprime-workflow-main/Sprime-workflow-main/config/samples-test.tsv
    output: work/CHS/individual.10.tsv
    log: logs/CHS/individual.10.log
    jobid: 135
    reason: Missing output files: work/CHS/individual.10.tsv; Input files updated by another job: work/CHS/chr10.vcf.gz, classification/CHS.tsv, sprime/CHS/chr10.score, work/CHS/chr10.vcf.gz.csi
    wildcards: population=CHS, chrom=10
    resources: tmpdir=<TBD>, mem_mb=8000, mem_mib=7630

[Wed Sep  9 17:58:30 2026]
rule individual_chr:
    input: work/CHS/chr3.vcf.gz, work/CHS/chr3.vcf.gz.csi, sprime/CHS/chr3.score, classification/CHS.tsv, /public/group_data_2023/xiaoyn/Sprime-workflow-main/Sprime-workflow-main/config/samples-test.tsv
    output: work/CHS/individual.3.tsv
    log: logs/CHS/individual.3.log
    jobid: 128
    reason: Missing output files: work/CHS/individual.3.tsv; Input files updated by another job: classification/CHS.tsv, work/CHS/chr3.vcf.gz, sprime/CHS/chr3.score, work/CHS/chr3.vcf.gz.csi
    wildcards: population=CHS, chrom=3
    resources: tmpdir=<TBD>, mem_mb=8000, mem_mib=7630

[Wed Sep  9 17:58:30 2026]
rule fit_gmm:
    input: gmm/input/CHS.tsv
    output: gmm/CHS/denisovan25.selection.tsv, gmm/CHS/denisovan25.components.tsv, gmm/plots/CHS.denisovan25.png
    log: logs/CHS/gmm.denisovan25.log
    jobid: 123
    reason: Missing output files: gmm/CHS/denisovan25.components.tsv, gmm/plots/CHS.denisovan25.png, gmm/CHS/denisovan25.selection.tsv; Input files updated by another job: gmm/input/CHS.tsv
    wildcards: population=CHS, ref=denisovan25
    resources: tmpdir=<TBD>, mem_mb=2000, mem_mib=1908

[Wed Sep  9 17:58:30 2026]
rule individual_chr:
    input: work/CHS/chr18.vcf.gz, work/CHS/chr18.vcf.gz.csi, sprime/CHS/chr18.score, classification/CHS.tsv, /public/group_data_2023/xiaoyn/Sprime-workflow-main/Sprime-workflow-main/config/samples-test.tsv
    output: work/CHS/individual.18.tsv
    log: logs/CHS/individual.18.log
    jobid: 143
    reason: Missing output files: work/CHS/individual.18.tsv; Input files updated by another job: work/CHS/chr18.vcf.gz, sprime/CHS/chr18.score, classification/CHS.tsv, work/CHS/chr18.vcf.gz.csi
    wildcards: population=CHS, chrom=18
    resources: tmpdir=<TBD>, mem_mb=8000, mem_mib=7630

[Wed Sep  9 17:58:30 2026]
rule individual_chr:
    input: work/CHS/chr11.vcf.gz, work/CHS/chr11.vcf.gz.csi, sprime/CHS/chr11.score, classification/CHS.tsv, /public/group_data_2023/xiaoyn/Sprime-workflow-main/Sprime-workflow-main/config/samples-test.tsv
    output: work/CHS/individual.11.tsv
    log: logs/CHS/individual.11.log
    jobid: 136
    reason: Missing output files: work/CHS/individual.11.tsv; Input files updated by another job: classification/CHS.tsv, work/CHS/chr11.vcf.gz.csi, sprime/CHS/chr11.score, work/CHS/chr11.vcf.gz
    wildcards: population=CHS, chrom=11
    resources: tmpdir=<TBD>, mem_mb=8000, mem_mib=7630

[Wed Sep  9 17:58:30 2026]
rule individual_chr:
    input: work/CHS/chr4.vcf.gz, work/CHS/chr4.vcf.gz.csi, sprime/CHS/chr4.score, classification/CHS.tsv, /public/group_data_2023/xiaoyn/Sprime-workflow-main/Sprime-workflow-main/config/samples-test.tsv
    output: work/CHS/individual.4.tsv
    log: logs/CHS/individual.4.log
    jobid: 129
    reason: Missing output files: work/CHS/individual.4.tsv; Input files updated by another job: classification/CHS.tsv, work/CHS/chr4.vcf.gz, work/CHS/chr4.vcf.gz.csi, sprime/CHS/chr4.score
    wildcards: population=CHS, chrom=4
    resources: tmpdir=<TBD>, mem_mb=8000, mem_mib=7630

[Wed Sep  9 17:58:30 2026]
rule individual_chr:
    input: work/CHS/chr19.vcf.gz, work/CHS/chr19.vcf.gz.csi, sprime/CHS/chr19.score, classification/CHS.tsv, /public/group_data_2023/xiaoyn/Sprime-workflow-main/Sprime-workflow-main/config/samples-test.tsv
    output: work/CHS/individual.19.tsv
    log: logs/CHS/individual.19.log
    jobid: 144
    reason: Missing output files: work/CHS/individual.19.tsv; Input files updated by another job: sprime/CHS/chr19.score, work/CHS/chr19.vcf.gz, classification/CHS.tsv, work/CHS/chr19.vcf.gz.csi
    wildcards: population=CHS, chrom=19
    resources: tmpdir=<TBD>, mem_mb=8000, mem_mib=7630

[Wed Sep  9 17:58:30 2026]
rule individual_chr:
    input: work/CHS/chr12.vcf.gz, work/CHS/chr12.vcf.gz.csi, sprime/CHS/chr12.score, classification/CHS.tsv, /public/group_data_2023/xiaoyn/Sprime-workflow-main/Sprime-workflow-main/config/samples-test.tsv
    output: work/CHS/individual.12.tsv
    log: logs/CHS/individual.12.log
    jobid: 137
    reason: Missing output files: work/CHS/individual.12.tsv; Input files updated by another job: work/CHS/chr12.vcf.gz, classification/CHS.tsv, sprime/CHS/chr12.score, work/CHS/chr12.vcf.gz.csi
    wildcards: population=CHS, chrom=12
    resources: tmpdir=<TBD>, mem_mb=8000, mem_mib=7630

[Wed Sep  9 17:58:30 2026]
rule individual_chr:
    input: work/CHS/chr5.vcf.gz, work/CHS/chr5.vcf.gz.csi, sprime/CHS/chr5.score, classification/CHS.tsv, /public/group_data_2023/xiaoyn/Sprime-workflow-main/Sprime-workflow-main/config/samples-test.tsv
    output: work/CHS/individual.5.tsv
    log: logs/CHS/individual.5.log
    jobid: 130
    reason: Missing output files: work/CHS/individual.5.tsv; Input files updated by another job: sprime/CHS/chr5.score, work/CHS/chr5.vcf.gz, classification/CHS.tsv, work/CHS/chr5.vcf.gz.csi
    wildcards: population=CHS, chrom=5
    resources: tmpdir=<TBD>, mem_mb=8000, mem_mib=7630

[Wed Sep  9 17:58:30 2026]
rule individual_chr:
    input: work/CHS/chr13.vcf.gz, work/CHS/chr13.vcf.gz.csi, sprime/CHS/chr13.score, classification/CHS.tsv, /public/group_data_2023/xiaoyn/Sprime-workflow-main/Sprime-workflow-main/config/samples-test.tsv
    output: work/CHS/individual.13.tsv
    log: logs/CHS/individual.13.log
    jobid: 138
    reason: Missing output files: work/CHS/individual.13.tsv; Input files updated by another job: work/CHS/chr13.vcf.gz, classification/CHS.tsv, work/CHS/chr13.vcf.gz.csi, sprime/CHS/chr13.score
    wildcards: population=CHS, chrom=13
    resources: tmpdir=<TBD>, mem_mb=8000, mem_mib=7630

[Wed Sep  9 17:58:30 2026]
rule individual_chr:
    input: work/CHS/chr6.vcf.gz, work/CHS/chr6.vcf.gz.csi, sprime/CHS/chr6.score, classification/CHS.tsv, /public/group_data_2023/xiaoyn/Sprime-workflow-main/Sprime-workflow-main/config/samples-test.tsv
    output: work/CHS/individual.6.tsv
    log: logs/CHS/individual.6.log
    jobid: 131
    reason: Missing output files: work/CHS/individual.6.tsv; Input files updated by another job: classification/CHS.tsv, work/CHS/chr6.vcf.gz.csi, sprime/CHS/chr6.score, work/CHS/chr6.vcf.gz
    wildcards: population=CHS, chrom=6
    resources: tmpdir=<TBD>, mem_mb=8000, mem_mib=7630

[Wed Sep  9 17:58:30 2026]
rule collect_gmm:
    input: gmm/CHS/denisovan3.selection.tsv, gmm/CHS/denisovan25.selection.tsv, gmm/CHS/denisovan3.components.tsv, gmm/CHS/denisovan25.components.tsv, gmm/plots/CHS.denisovan3.png, gmm/plots/CHS.denisovan25.png
    output: gmm/model_selection.tsv, gmm/components.tsv
    log: logs/collect_gmm.log
    jobid: 119
    reason: Missing output files: gmm/model_selection.tsv, gmm/components.tsv; Input files updated by another job: gmm/CHS/denisovan3.selection.tsv, gmm/CHS/denisovan25.components.tsv, gmm/CHS/denisovan3.components.tsv, gmm/plots/CHS.denisovan3.png, gmm/plots/CHS.denisovan25.png, gmm/CHS/denisovan25.selection.tsv
    resources: tmpdir=<TBD>

[Wed Sep  9 17:58:30 2026]
rule individual_pop:
    input: work/CHS/individual.1.tsv, work/CHS/individual.2.tsv, work/CHS/individual.3.tsv, work/CHS/individual.4.tsv, work/CHS/individual.5.tsv, work/CHS/individual.6.tsv, work/CHS/individual.7.tsv, work/CHS/individual.8.tsv, work/CHS/individual.9.tsv, work/CHS/individual.10.tsv, work/CHS/individual.11.tsv, work/CHS/individual.12.tsv, work/CHS/individual.13.tsv, work/CHS/individual.14.tsv, work/CHS/individual.15.tsv, work/CHS/individual.16.tsv, work/CHS/individual.17.tsv, work/CHS/individual.18.tsv, work/CHS/individual.19.tsv, work/CHS/individual.20.tsv, work/CHS/individual.21.tsv, work/CHS/individual.22.tsv
    output: individual_calls/by_population/CHS/all.tsv.gz, individual_calls/by_population/CHS/neanderthal.tsv.gz, individual_calls/by_population/CHS/denisovan.tsv.gz, individual_calls/by_population/CHS/ambiguous.tsv.gz
    log: logs/CHS/individual_collect.log
    jobid: 125
    reason: Missing output files: individual_calls/by_population/CHS/all.tsv.gz; Input files updated by another job: work/CHS/individual.10.tsv, work/CHS/individual.12.tsv, work/CHS/individual.19.tsv, work/CHS/individual.17.tsv, work/CHS/individual.7.tsv, work/CHS/individual.4.tsv, work/CHS/individual.22.tsv, work/CHS/individual.3.tsv, work/CHS/individual.13.tsv, work/CHS/individual.14.tsv, work/CHS/individual.6.tsv, work/CHS/individual.11.tsv, work/CHS/individual.8.tsv, work/CHS/individual.9.tsv, work/CHS/individual.21.tsv, work/CHS/individual.16.tsv, work/CHS/individual.20.tsv, work/CHS/individual.2.tsv, work/CHS/individual.15.tsv, work/CHS/individual.5.tsv, work/CHS/individual.18.tsv, work/CHS/individual.1.tsv
    wildcards: population=CHS
    resources: tmpdir=<TBD>

[Wed Sep  9 17:58:30 2026]
rule collect_individual:
    input: individual_calls/by_population/CHS/all.tsv.gz
    output: individual_calls/all_individual_calls.tsv.gz
    log: logs/individual_collect.log
    jobid: 124
    reason: Missing output files: individual_calls/all_individual_calls.tsv.gz; Input files updated by another job: individual_calls/by_population/CHS/all.tsv.gz
    resources: tmpdir=<TBD>

[Wed Sep  9 17:58:30 2026]
rule all:
    input: tables/segment_match_rates.wide.tsv.gz, tables/segment_match_rates.long.tsv.gz, tables/population_match_summary.tsv, classification/CHS.tsv, plots/CHS.denisovan3__denisovan25.png, gmm/model_selection.tsv, gmm/components.tsv, individual_calls/all_individual_calls.tsv.gz
    jobid: 0
    reason: Input files updated by another job: classification/CHS.tsv, gmm/model_selection.tsv, plots/CHS.denisovan3__denisovan25.png, individual_calls/all_individual_calls.tsv.gz, tables/population_match_summary.tsv, tables/segment_match_rates.wide.tsv.gz, tables/segment_match_rates.long.tsv.gz, gmm/components.tsv
    resources: tmpdir=<TBD>

Job stats:
job                   count
------------------  -------
all                       1
archaic_match            66
classify                  1
collect_gmm               1
collect_individual        1
collect_tables            1
compile_map_arch          1
concat                    1
contour                   1
fit_gmm                   2
gmm_input                 1
individual_chr           22
individual_pop            1
prepare_gmm_base          1
samples                   1
sprime                   22
subset                   22
summarize                 1
validate                  1
total                   148

Reasons:
    (check individual jobs above for details)
    input files updated by another job:
        all, archaic_match, classify, collect_gmm, collect_individual, collect_tables, concat, contour, fit_gmm, gmm_input, individual_chr, individual_pop, prepare_gmm_base, samples, sprime, subset, summarize, validate
    output files have to be generated:
        archaic_match, classify, collect_gmm, collect_individual, collect_tables, concat, contour, fit_gmm, gmm_input, individual_chr, individual_pop, prepare_gmm_base, samples, sprime, subset, summarize, validate
    updated input files:
        compile_map_arch

This was a dry-run (flag -n). The order of jobs does not reflect the order of execution.
Assuming unrestricted shared filesystem usage.

host: chenlab
Building DAG of jobs...
Using shell: /usr/bin/bash
Provided cores: 8
Rules claiming more threads will be scaled down.
Provided resources: mem_mb=32000
Job stats:
job                   count
------------------  -------
all                       1
archaic_match            66
classify                  1
collect_gmm               1
collect_individual        1
collect_tables            1
compile_map_arch          1
concat                    1
contour                   1
fit_gmm                   2
gmm_input                 1
individual_chr           22
individual_pop            1
prepare_gmm_base          1
samples                   1
sprime                   22
subset                   22
summarize                 1
validate                  1
total                   148

Select jobs to execute...
Execute 1 jobs...

[Wed Sep  9 18:04:05 2026]
localrule compile_map_arch:
    input: /public/group_data_2023/xiaoyn/Sprime-workflow-main/Sprime-workflow-main/tools/map_arch/map_arch.v2.c, /public/group_data_2023/xiaoyn/Sprime-workflow-main/Sprime-workflow-main/tools/map_arch/makefile
    output: /public/group_data_2023/xiaoyn/Sprime-workflow-main/Sprime-workflow-main/tools/map_arch/map_arch
    log: logs/compile_map_arch.log
    jobid: 9
    reason: Updated input files: /public/group_data_2023/xiaoyn/Sprime-workflow-main/Sprime-workflow-main/tools/map_arch/map_arch.v2.c
    resources: tmpdir=/tmp

[Wed Sep  9 18:04:06 2026]
Finished job 9.
1 of 148 steps (1%) done
Select jobs to execute...
Execute 1 jobs...

[Wed Sep  9 18:04:06 2026]
localrule validate:
    input: /public/group_data_2023/xiaoyn/Sprime-workflow-main/Sprime-workflow-main/config/samples-test.tsv, /public/group_data_2023/xiaoyn/Data_map/GRCh37map/plink.all.GRch37.map, /public/group_data_2023/xiaoyn/Sprime-workflow-main/Sprime-workflow-main/tools/sprime.jar, /public/group_data_2023/xiaoyn/Sprime-workflow-main/Sprime-workflow-main/tools/map_arch/map_arch, /public/group_data_2023/xiaoyn/Data_1KGP/chrom_1.vcf.gz, /public/group_data_2023/xiaoyn/Data_1KGP/chrom_10.vcf.gz, /public/group_data_2023/xiaoyn/Data_1KGP/chrom_11.vcf.gz, /public/group_data_2023/xiaoyn/Data_1KGP/chrom_12.vcf.gz, /public/group_data_2023/xiaoyn/Data_1KGP/chrom_13.vcf.gz, /public/group_data_2023/xiaoyn/Data_1KGP/chrom_14.vcf.gz, /public/group_data_2023/xiaoyn/Data_1KGP/chrom_15.vcf.gz, /public/group_data_2023/xiaoyn/Data_1KGP/chrom_16.vcf.gz, /public/group_data_2023/xiaoyn/Data_1KGP/chrom_17.vcf.gz, /public/group_data_2023/xiaoyn/Data_1KGP/chrom_18.vcf.gz, /public/group_data_2023/xiaoyn/Data_1KGP/chrom_19.vcf.gz, /public/group_data_2023/xiaoyn/Data_1KGP/chrom_2.vcf.gz, /public/group_data_2023/xiaoyn/Data_1KGP/chrom_20.vcf.gz, /public/group_data_2023/xiaoyn/Data_1KGP/chrom_21.vcf.gz, /public/group_data_2023/xiaoyn/Data_1KGP/chrom_22.vcf.gz, /public/group_data_2023/xiaoyn/Data_1KGP/chrom_3.vcf.gz, /public/group_data_2023/xiaoyn/Data_1KGP/chrom_4.vcf.gz, /public/group_data_2023/xiaoyn/Data_1KGP/chrom_5.vcf.gz, /public/group_data_2023/xiaoyn/Data_1KGP/chrom_6.vcf.gz, /public/group_data_2023/xiaoyn/Data_1KGP/chrom_7.vcf.gz, /public/group_data_2023/xiaoyn/Data_1KGP/chrom_8.vcf.gz, /public/group_data_2023/xiaoyn/Data_1KGP/chrom_9.vcf.gz, /public/group_data_2023/wangc/Data/Archaic_data/denisova25/FilterBed/Denisova25.chr1.hg19.L35MQ25.map35_100.GCcov.noSimpleRepeat.noIndel.min10x.bed.gz, /public/group_data_2023/wangc/Data/Archaic_data/denisova25/FilterBed/Denisova25.chr10.hg19.L35MQ25.map35_100.GCcov.noSimpleRepeat.noIndel.min10x.bed.gz, /public/group_data_2023/wangc/Data/Archaic_data/denisova25/FilterBed/Denisova25.chr11.hg19.L35MQ25.map35_100.GCcov.noSimpleRepeat.noIndel.min10x.bed.gz, /public/group_data_2023/wangc/Data/Archaic_data/denisova25/FilterBed/Denisova25.chr12.hg19.L35MQ25.map35_100.GCcov.noSimpleRepeat.noIndel.min10x.bed.gz, /public/group_data_2023/wangc/Data/Archaic_data/denisova25/FilterBed/Denisova25.chr13.hg19.L35MQ25.map35_100.GCcov.noSimpleRepeat.noIndel.min10x.bed.gz, /public/group_data_2023/wangc/Data/Archaic_data/denisova25/FilterBed/Denisova25.chr14.hg19.L35MQ25.map35_100.GCcov.noSimpleRepeat.noIndel.min10x.bed.gz, /public/group_data_2023/wangc/Data/Archaic_data/denisova25/FilterBed/Denisova25.chr15.hg19.L35MQ25.map35_100.GCcov.noSimpleRepeat.noIndel.min10x.bed.gz, /public/group_data_2023/wangc/Data/Archaic_data/denisova25/FilterBed/Denisova25.chr16.hg19.L35MQ25.map35_100.GCcov.noSimpleRepeat.noIndel.min10x.bed.gz, /public/group_data_2023/wangc/Data/Archaic_data/denisova25/FilterBed/Denisova25.chr17.hg19.L35MQ25.map35_100.GCcov.noSimpleRepeat.noIndel.min10x.bed.gz, /public/group_data_2023/wangc/Data/Archaic_data/denisova25/FilterBed/Denisova25.chr18.hg19.L35MQ25.map35_100.GCcov.noSimpleRepeat.noIndel.min10x.bed.gz, /public/group_data_2023/wangc/Data/Archaic_data/denisova25/FilterBed/Denisova25.chr19.hg19.L35MQ25.map35_100.GCcov.noSimpleRepeat.noIndel.min10x.bed.gz, /public/group_data_2023/wangc/Data/Archaic_data/denisova25/FilterBed/Denisova25.chr2.hg19.L35MQ25.map35_100.GCcov.noSimpleRepeat.noIndel.min10x.bed.gz, /public/group_data_2023/wangc/Data/Archaic_data/denisova25/FilterBed/Denisova25.chr20.hg19.L35MQ25.map35_100.GCcov.noSimpleRepeat.noIndel.min10x.bed.gz, /public/group_data_2023/wangc/Data/Archaic_data/denisova25/FilterBed/Denisova25.chr21.hg19.L35MQ25.map35_100.GCcov.noSimpleRepeat.noIndel.min10x.bed.gz, /public/group_data_2023/wangc/Data/Archaic_data/denisova25/FilterBed/Denisova25.chr22.hg19.L35MQ25.map35_100.GCcov.noSimpleRepeat.noIndel.min10x.bed.gz, /public/group_data_2023/wangc/Data/Archaic_data/denisova25/FilterBed/Denisova25.chr3.hg19.L35MQ25.map35_100.GCcov.noSimpleRepeat.noIndel.min10x.bed.gz, /public/group_data_2023/wangc/Data/Archaic_data/denisova25/FilterBed/Denisova25.chr4.hg19.L35MQ25.map35_100.GCcov.noSimpleRepeat.noIndel.min10x.bed.gz, /public/group_data_2023/wangc/Data/Archaic_data/denisova25/FilterBed/Denisova25.chr5.hg19.L35MQ25.map35_100.GCcov.noSimpleRepeat.noIndel.min10x.bed.gz, /public/group_data_2023/wangc/Data/Archaic_data/denisova25/FilterBed/Denisova25.chr6.hg19.L35MQ25.map35_100.GCcov.noSimpleRepeat.noIndel.min10x.bed.gz, /public/group_data_2023/wangc/Data/Archaic_data/denisova25/FilterBed/Denisova25.chr7.hg19.L35MQ25.map35_100.GCcov.noSimpleRepeat.noIndel.min10x.bed.gz, /public/group_data_2023/wangc/Data/Archaic_data/denisova25/FilterBed/Denisova25.chr8.hg19.L35MQ25.map35_100.GCcov.noSimpleRepeat.noIndel.min10x.bed.gz, /public/group_data_2023/wangc/Data/Archaic_data/denisova25/FilterBed/Denisova25.chr9.hg19.L35MQ25.map35_100.GCcov.noSimpleRepeat.noIndel.min10x.bed.gz, /public/group_data_2023/wangc/Data/Archaic_data/denisova25/chr1.Den25.L35MQ25.B30.map35_100.vcf.gz, /public/group_data_2023/wangc/Data/Archaic_data/denisova25/chr10.Den25.L35MQ25.B30.map35_100.vcf.gz, /public/group_data_2023/wangc/Data/Archaic_data/denisova25/chr11.Den25.L35MQ25.B30.map35_100.vcf.gz, /public/group_data_2023/wangc/Data/Archaic_data/denisova25/chr12.Den25.L35MQ25.B30.map35_100.vcf.gz, /public/group_data_2023/wangc/Data/Archaic_data/denisova25/chr13.Den25.L35MQ25.B30.map35_100.vcf.gz, /public/group_data_2023/wangc/Data/Archaic_data/denisova25/chr14.Den25.L35MQ25.B30.map35_100.vcf.gz, /public/group_data_2023/wangc/Data/Archaic_data/denisova25/chr15.Den25.L35MQ25.B30.map35_100.vcf.gz, /public/group_data_2023/wangc/Data/Archaic_data/denisova25/chr16.Den25.L35MQ25.B30.map35_100.vcf.gz, /public/group_data_2023/wangc/Data/Archaic_data/denisova25/chr17.Den25.L35MQ25.B30.map35_100.vcf.gz, /public/group_data_2023/wangc/Data/Archaic_data/denisova25/chr18.Den25.L35MQ25.B30.map35_100.vcf.gz, /public/group_data_2023/wangc/Data/Archaic_data/denisova25/chr19.Den25.L35MQ25.B30.map35_100.vcf.gz, /public/group_data_2023/wangc/Data/Archaic_data/denisova25/chr2.Den25.L35MQ25.B30.map35_100.vcf.gz, /public/group_data_2023/wangc/Data/Archaic_data/denisova25/chr20.Den25.L35MQ25.B30.map35_100.vcf.gz, /public/group_data_2023/wangc/Data/Archaic_data/denisova25/chr21.Den25.L35MQ25.B30.map35_100.vcf.gz, /public/group_data_2023/wangc/Data/Archaic_data/denisova25/chr22.Den25.L35MQ25.B30.map35_100.vcf.gz, /public/group_data_2023/wangc/Data/Archaic_data/denisova25/chr3.Den25.L35MQ25.B30.map35_100.vcf.gz, /public/group_data_2023/wangc/Data/Archaic_data/denisova25/chr4.Den25.L35MQ25.B30.map35_100.vcf.gz, /public/group_data_2023/wangc/Data/Archaic_data/denisova25/chr5.Den25.L35MQ25.B30.map35_100.vcf.gz, /public/group_data_2023/wangc/Data/Archaic_data/denisova25/chr6.Den25.L35MQ25.B30.map35_100.vcf.gz, /public/group_data_2023/wangc/Data/Archaic_data/denisova25/chr7.Den25.L35MQ25.B30.map35_100.vcf.gz, /public/group_data_2023/wangc/Data/Archaic_data/denisova25/chr8.Den25.L35MQ25.B30.map35_100.vcf.gz, /public/group_data_2023/wangc/Data/Archaic_data/denisova25/chr9.Den25.L35MQ25.B30.map35_100.vcf.gz, /public/group_data_2023/xiaoyn/Data_Denisovan/Denisovan/FilterBed/chr10_mask.bed.gz, /public/group_data_2023/xiaoyn/Data_Denisovan/Denisovan/FilterBed/chr11_mask.bed.gz, /public/group_data_2023/xiaoyn/Data_Denisovan/Denisovan/FilterBed/chr12_mask.bed.gz, /public/group_data_2023/xiaoyn/Data_Denisovan/Denisovan/FilterBed/chr13_mask.bed.gz, /public/group_data_2023/xiaoyn/Data_Denisovan/Denisovan/FilterBed/chr14_mask.bed.gz, /public/group_data_2023/xiaoyn/Data_Denisovan/Denisovan/FilterBed/chr15_mask.bed.gz, /public/group_data_2023/xiaoyn/Data_Denisovan/Denisovan/FilterBed/chr16_mask.bed.gz, /public/group_data_2023/xiaoyn/Data_Denisovan/Denisovan/FilterBed/chr17_mask.bed.gz, /public/group_data_2023/xiaoyn/Data_Denisovan/Denisovan/FilterBed/chr18_mask.bed.gz, /public/group_data_2023/xiaoyn/Data_Denisovan/Denisovan/FilterBed/chr19_mask.bed.gz, /public/group_data_2023/xiaoyn/Data_Denisovan/Denisovan/FilterBed/chr1_mask.bed.gz, /public/group_data_2023/xiaoyn/Data_Denisovan/Denisovan/FilterBed/chr20_mask.bed.gz, /public/group_data_2023/xiaoyn/Data_Denisovan/Denisovan/FilterBed/chr21_mask.bed.gz, /public/group_data_2023/xiaoyn/Data_Denisovan/Denisovan/FilterBed/chr22_mask.bed.gz, /public/group_data_2023/xiaoyn/Data_Denisovan/Denisovan/FilterBed/chr2_mask.bed.gz, /public/group_data_2023/xiaoyn/Data_Denisovan/Denisovan/FilterBed/chr3_mask.bed.gz, /public/group_data_2023/xiaoyn/Data_Denisovan/Denisovan/FilterBed/chr4_mask.bed.gz, /public/group_data_2023/xiaoyn/Data_Denisovan/Denisovan/FilterBed/chr5_mask.bed.gz, /public/group_data_2023/xiaoyn/Data_Denisovan/Denisovan/FilterBed/chr6_mask.bed.gz, /public/group_data_2023/xiaoyn/Data_Denisovan/Denisovan/FilterBed/chr7_mask.bed.gz, /public/group_data_2023/xiaoyn/Data_Denisovan/Denisovan/FilterBed/chr8_mask.bed.gz, /public/group_data_2023/xiaoyn/Data_Denisovan/Denisovan/FilterBed/chr9_mask.bed.gz, /public/group_data_2023/xiaoyn/Data_Denisovan/Denisovan/chr_1.vcf.gz, /public/group_data_2023/xiaoyn/Data_Denisovan/Denisovan/chr_10.vcf.gz, /public/group_data_2023/xiaoyn/Data_Denisovan/Denisovan/chr_11.vcf.gz, /public/group_data_2023/xiaoyn/Data_Denisovan/Denisovan/chr_12.vcf.gz, /public/group_data_2023/xiaoyn/Data_Denisovan/Denisovan/chr_13.vcf.gz, /public/group_data_2023/xiaoyn/Data_Denisovan/Denisovan/chr_14.vcf.gz, /public/group_data_2023/xiaoyn/Data_Denisovan/Denisovan/chr_15.vcf.gz, /public/group_data_2023/xiaoyn/Data_Denisovan/Denisovan/chr_16.vcf.gz, /public/group_data_2023/xiaoyn/Data_Denisovan/Denisovan/chr_17.vcf.gz, /public/group_data_2023/xiaoyn/Data_Denisovan/Denisovan/chr_18.vcf.gz, /public/group_data_2023/xiaoyn/Data_Denisovan/Denisovan/chr_19.vcf.gz, /public/group_data_2023/xiaoyn/Data_Denisovan/Denisovan/chr_2.vcf.gz, /public/group_data_2023/xiaoyn/Data_Denisovan/Denisovan/chr_20.vcf.gz, /public/group_data_2023/xiaoyn/Data_Denisovan/Denisovan/chr_21.vcf.gz, /public/group_data_2023/xiaoyn/Data_Denisovan/Denisovan/chr_22.vcf.gz, /public/group_data_2023/xiaoyn/Data_Denisovan/Denisovan/chr_3.vcf.gz, /public/group_data_2023/xiaoyn/Data_Denisovan/Denisovan/chr_4.vcf.gz, /public/group_data_2023/xiaoyn/Data_Denisovan/Denisovan/chr_5.vcf.gz, /public/group_data_2023/xiaoyn/Data_Denisovan/Denisovan/chr_6.vcf.gz, /public/group_data_2023/xiaoyn/Data_Denisovan/Denisovan/chr_7.vcf.gz, /public/group_data_2023/xiaoyn/Data_Denisovan/Denisovan/chr_8.vcf.gz, /public/group_data_2023/xiaoyn/Data_Denisovan/Denisovan/chr_9.vcf.gz, /public/group_data_2023/xiaoyn/Data_Nean/Data_Altai_16/FilterBed/chr10_mask.bed.gz, /public/group_data_2023/xiaoyn/Data_Nean/Data_Altai_16/FilterBed/chr11_mask.bed.gz, /public/group_data_2023/xiaoyn/Data_Nean/Data_Altai_16/FilterBed/chr12_mask.bed.gz, /public/group_data_2023/xiaoyn/Data_Nean/Data_Altai_16/FilterBed/chr13_mask.bed.gz, /public/group_data_2023/xiaoyn/Data_Nean/Data_Altai_16/FilterBed/chr14_mask.bed.gz, /public/group_data_2023/xiaoyn/Data_Nean/Data_Altai_16/FilterBed/chr15_mask.bed.gz, /public/group_data_2023/xiaoyn/Data_Nean/Data_Altai_16/FilterBed/chr16_mask.bed.gz, /public/group_data_2023/xiaoyn/Data_Nean/Data_Altai_16/FilterBed/chr17_mask.bed.gz, /public/group_data_2023/xiaoyn/Data_Nean/Data_Altai_16/FilterBed/chr18_mask.bed.gz, /public/group_data_2023/xiaoyn/Data_Nean/Data_Altai_16/FilterBed/chr19_mask.bed.gz, /public/group_data_2023/xiaoyn/Data_Nean/Data_Altai_16/FilterBed/chr1_mask.bed.gz, /public/group_data_2023/xiaoyn/Data_Nean/Data_Altai_16/FilterBed/chr20_mask.bed.gz, /public/group_data_2023/xiaoyn/Data_Nean/Data_Altai_16/FilterBed/chr21_mask.bed.gz, /public/group_data_2023/xiaoyn/Data_Nean/Data_Altai_16/FilterBed/chr22_mask.bed.gz, /public/group_data_2023/xiaoyn/Data_Nean/Data_Altai_16/FilterBed/chr2_mask.bed.gz, /public/group_data_2023/xiaoyn/Data_Nean/Data_Altai_16/FilterBed/chr3_mask.bed.gz, /public/group_data_2023/xiaoyn/Data_Nean/Data_Altai_16/FilterBed/chr4_mask.bed.gz, /public/group_data_2023/xiaoyn/Data_Nean/Data_Altai_16/FilterBed/chr5_mask.bed.gz, /public/group_data_2023/xiaoyn/Data_Nean/Data_Altai_16/FilterBed/chr6_mask.bed.gz, /public/group_data_2023/xiaoyn/Data_Nean/Data_Altai_16/FilterBed/chr7_mask.bed.gz, /public/group_data_2023/xiaoyn/Data_Nean/Data_Altai_16/FilterBed/chr8_mask.bed.gz, /public/group_data_2023/xiaoyn/Data_Nean/Data_Altai_16/FilterBed/chr9_mask.bed.gz, /public/group_data_2023/xiaoyn/Data_Nean/Data_Altai_16/gz/chr1.vcf.gz, /public/group_data_2023/xiaoyn/Data_Nean/Data_Altai_16/gz/chr10.vcf.gz, /public/group_data_2023/xiaoyn/Data_Nean/Data_Altai_16/gz/chr11.vcf.gz, /public/group_data_2023/xiaoyn/Data_Nean/Data_Altai_16/gz/chr12.vcf.gz, /public/group_data_2023/xiaoyn/Data_Nean/Data_Altai_16/gz/chr13.vcf.gz, /public/group_data_2023/xiaoyn/Data_Nean/Data_Altai_16/gz/chr14.vcf.gz, /public/group_data_2023/xiaoyn/Data_Nean/Data_Altai_16/gz/chr15.vcf.gz, /public/group_data_2023/xiaoyn/Data_Nean/Data_Altai_16/gz/chr16.vcf.gz, /public/group_data_2023/xiaoyn/Data_Nean/Data_Altai_16/gz/chr17.vcf.gz, /public/group_data_2023/xiaoyn/Data_Nean/Data_Altai_16/gz/chr18.vcf.gz, /public/group_data_2023/xiaoyn/Data_Nean/Data_Altai_16/gz/chr19.vcf.gz, /public/group_data_2023/xiaoyn/Data_Nean/Data_Altai_16/gz/chr2.vcf.gz, /public/group_data_2023/xiaoyn/Data_Nean/Data_Altai_16/gz/chr20.vcf.gz, /public/group_data_2023/xiaoyn/Data_Nean/Data_Altai_16/gz/chr21.vcf.gz, /public/group_data_2023/xiaoyn/Data_Nean/Data_Altai_16/gz/chr22.vcf.gz, /public/group_data_2023/xiaoyn/Data_Nean/Data_Altai_16/gz/chr3.vcf.gz, /public/group_data_2023/xiaoyn/Data_Nean/Data_Altai_16/gz/chr4.vcf.gz, /public/group_data_2023/xiaoyn/Data_Nean/Data_Altai_16/gz/chr5.vcf.gz, /public/group_data_2023/xiaoyn/Data_Nean/Data_Altai_16/gz/chr6.vcf.gz, /public/group_data_2023/xiaoyn/Data_Nean/Data_Altai_16/gz/chr7.vcf.gz, /public/group_data_2023/xiaoyn/Data_Nean/Data_Altai_16/gz/chr8.vcf.gz, /public/group_data_2023/xiaoyn/Data_Nean/Data_Altai_16/gz/chr9.vcf.gz
    output: qc/validation.tsv, run_info.json
    log: logs/validate.log
    jobid: 8
    reason: Missing output files: qc/validation.tsv; Input files updated by another job: /public/group_data_2023/xiaoyn/Sprime-workflow-main/Sprime-workflow-main/tools/map_arch/map_arch
    resources: tmpdir=/tmp

Will exit after finishing currently running jobs (scheduler).
RuleException:
CalledProcessError in file /public/group_data_2023/xiaoyn/Sprime-workflow-main/Sprime-workflow-main/workflow/rules/validate.smk, line 10:
Command 'set -euo pipefail;  /home/xiaoyn/miniconda3/envs/sprime-workflow/bin/python3.11 /public/group_data_2023/xiaoyn/Sprime-workflow-main/Sprime-workflow-main/results/run001/.snakemake/scripts/tmpv3u3dm1l.task.py' died with <Signals.SIGTERM: 15>.
[Wed Sep  9 18:07:54 2026]
Error in rule validate:
    jobid: 8
    input: /public/group_data_2023/xiaoyn/Sprime-workflow-main/Sprime-workflow-main/config/samples-test.tsv, /public/group_data_2023/xiaoyn/Data_map/GRCh37map/plink.all.GRch37.map, /public/group_data_2023/xiaoyn/Sprime-workflow-main/Sprime-workflow-main/tools/sprime.jar, /public/group_data_2023/xiaoyn/Sprime-workflow-main/Sprime-workflow-main/tools/map_arch/map_arch, /public/group_data_2023/xiaoyn/Data_1KGP/chrom_1.vcf.gz, /public/group_data_2023/xiaoyn/Data_1KGP/chrom_10.vcf.gz, /public/group_data_2023/xiaoyn/Data_1KGP/chrom_11.vcf.gz, /public/group_data_2023/xiaoyn/Data_1KGP/chrom_12.vcf.gz, /public/group_data_2023/xiaoyn/Data_1KGP/chrom_13.vcf.gz, /public/group_data_2023/xiaoyn/Data_1KGP/chrom_14.vcf.gz, /public/group_data_2023/xiaoyn/Data_1KGP/chrom_15.vcf.gz, /public/group_data_2023/xiaoyn/Data_1KGP/chrom_16.vcf.gz, /public/group_data_2023/xiaoyn/Data_1KGP/chrom_17.vcf.gz, /public/group_data_2023/xiaoyn/Data_1KGP/chrom_18.vcf.gz, /public/group_data_2023/xiaoyn/Data_1KGP/chrom_19.vcf.gz, /public/group_data_2023/xiaoyn/Data_1KGP/chrom_2.vcf.gz, /public/group_data_2023/xiaoyn/Data_1KGP/chrom_20.vcf.gz, /public/group_data_2023/xiaoyn/Data_1KGP/chrom_21.vcf.gz, /public/group_data_2023/xiaoyn/Data_1KGP/chrom_22.vcf.gz, /public/group_data_2023/xiaoyn/Data_1KGP/chrom_3.vcf.gz, /public/group_data_2023/xiaoyn/Data_1KGP/chrom_4.vcf.gz, /public/group_data_2023/xiaoyn/Data_1KGP/chrom_5.vcf.gz, /public/group_data_2023/xiaoyn/Data_1KGP/chrom_6.vcf.gz, /public/group_data_2023/xiaoyn/Data_1KGP/chrom_7.vcf.gz, /public/group_data_2023/xiaoyn/Data_1KGP/chrom_8.vcf.gz, /public/group_data_2023/xiaoyn/Data_1KGP/chrom_9.vcf.gz, /public/group_data_2023/wangc/Data/Archaic_data/denisova25/FilterBed/Denisova25.chr1.hg19.L35MQ25.map35_100.GCcov.noSimpleRepeat.noIndel.min10x.bed.gz, /public/group_data_2023/wangc/Data/Archaic_data/denisova25/FilterBed/Denisova25.chr10.hg19.L35MQ25.map35_100.GCcov.noSimpleRepeat.noIndel.min10x.bed.gz, /public/group_data_2023/wangc/Data/Archaic_data/denisova25/FilterBed/Denisova25.chr11.hg19.L35MQ25.map35_100.GCcov.noSimpleRepeat.noIndel.min10x.bed.gz, /public/group_data_2023/wangc/Data/Archaic_data/denisova25/FilterBed/Denisova25.chr12.hg19.L35MQ25.map35_100.GCcov.noSimpleRepeat.noIndel.min10x.bed.gz, /public/group_data_2023/wangc/Data/Archaic_data/denisova25/FilterBed/Denisova25.chr13.hg19.L35MQ25.map35_100.GCcov.noSimpleRepeat.noIndel.min10x.bed.gz, /public/group_data_2023/wangc/Data/Archaic_data/denisova25/FilterBed/Denisova25.chr14.hg19.L35MQ25.map35_100.GCcov.noSimpleRepeat.noIndel.min10x.bed.gz, /public/group_data_2023/wangc/Data/Archaic_data/denisova25/FilterBed/Denisova25.chr15.hg19.L35MQ25.map35_100.GCcov.noSimpleRepeat.noIndel.min10x.bed.gz, /public/group_data_2023/wangc/Data/Archaic_data/denisova25/FilterBed/Denisova25.chr16.hg19.L35MQ25.map35_100.GCcov.noSimpleRepeat.noIndel.min10x.bed.gz, /public/group_data_2023/wangc/Data/Archaic_data/denisova25/FilterBed/Denisova25.chr17.hg19.L35MQ25.map35_100.GCcov.noSimpleRepeat.noIndel.min10x.bed.gz, /public/group_data_2023/wangc/Data/Archaic_data/denisova25/FilterBed/Denisova25.chr18.hg19.L35MQ25.map35_100.GCcov.noSimpleRepeat.noIndel.min10x.bed.gz, /public/group_data_2023/wangc/Data/Archaic_data/denisova25/FilterBed/Denisova25.chr19.hg19.L35MQ25.map35_100.GCcov.noSimpleRepeat.noIndel.min10x.bed.gz, /public/group_data_2023/wangc/Data/Archaic_data/denisova25/FilterBed/Denisova25.chr2.hg19.L35MQ25.map35_100.GCcov.noSimpleRepeat.noIndel.min10x.bed.gz, /public/group_data_2023/wangc/Data/Archaic_data/denisova25/FilterBed/Denisova25.chr20.hg19.L35MQ25.map35_100.GCcov.noSimpleRepeat.noIndel.min10x.bed.gz, /public/group_data_2023/wangc/Data/Archaic_data/denisova25/FilterBed/Denisova25.chr21.hg19.L35MQ25.map35_100.GCcov.noSimpleRepeat.noIndel.min10x.bed.gz, /public/group_data_2023/wangc/Data/Archaic_data/denisova25/FilterBed/Denisova25.chr22.hg19.L35MQ25.map35_100.GCcov.noSimpleRepeat.noIndel.min10x.bed.gz, /public/group_data_2023/wangc/Data/Archaic_data/denisova25/FilterBed/Denisova25.chr3.hg19.L35MQ25.map35_100.GCcov.noSimpleRepeat.noIndel.min10x.bed.gz, /public/group_data_2023/wangc/Data/Archaic_data/denisova25/FilterBed/Denisova25.chr4.hg19.L35MQ25.map35_100.GCcov.noSimpleRepeat.noIndel.min10x.bed.gz, /public/group_data_2023/wangc/Data/Archaic_data/denisova25/FilterBed/Denisova25.chr5.hg19.L35MQ25.map35_100.GCcov.noSimpleRepeat.noIndel.min10x.bed.gz, /public/group_data_2023/wangc/Data/Archaic_data/denisova25/FilterBed/Denisova25.chr6.hg19.L35MQ25.map35_100.GCcov.noSimpleRepeat.noIndel.min10x.bed.gz, /public/group_data_2023/wangc/Data/Archaic_data/denisova25/FilterBed/Denisova25.chr7.hg19.L35MQ25.map35_100.GCcov.noSimpleRepeat.noIndel.min10x.bed.gz, /public/group_data_2023/wangc/Data/Archaic_data/denisova25/FilterBed/Denisova25.chr8.hg19.L35MQ25.map35_100.GCcov.noSimpleRepeat.noIndel.min10x.bed.gz, /public/group_data_2023/wangc/Data/Archaic_data/denisova25/FilterBed/Denisova25.chr9.hg19.L35MQ25.map35_100.GCcov.noSimpleRepeat.noIndel.min10x.bed.gz, /public/group_data_2023/wangc/Data/Archaic_data/denisova25/chr1.Den25.L35MQ25.B30.map35_100.vcf.gz, /public/group_data_2023/wangc/Data/Archaic_data/denisova25/chr10.Den25.L35MQ25.B30.map35_100.vcf.gz, /public/group_data_2023/wangc/Data/Archaic_data/denisova25/chr11.Den25.L35MQ25.B30.map35_100.vcf.gz, /public/group_data_2023/wangc/Data/Archaic_data/denisova25/chr12.Den25.L35MQ25.B30.map35_100.vcf.gz, /public/group_data_2023/wangc/Data/Archaic_data/denisova25/chr13.Den25.L35MQ25.B30.map35_100.vcf.gz, /public/group_data_2023/wangc/Data/Archaic_data/denisova25/chr14.Den25.L35MQ25.B30.map35_100.vcf.gz, /public/group_data_2023/wangc/Data/Archaic_data/denisova25/chr15.Den25.L35MQ25.B30.map35_100.vcf.gz, /public/group_data_2023/wangc/Data/Archaic_data/denisova25/chr16.Den25.L35MQ25.B30.map35_100.vcf.gz, /public/group_data_2023/wangc/Data/Archaic_data/denisova25/chr17.Den25.L35MQ25.B30.map35_100.vcf.gz, /public/group_data_2023/wangc/Data/Archaic_data/denisova25/chr18.Den25.L35MQ25.B30.map35_100.vcf.gz, /public/group_data_2023/wangc/Data/Archaic_data/denisova25/chr19.Den25.L35MQ25.B30.map35_100.vcf.gz, /public/group_data_2023/wangc/Data/Archaic_data/denisova25/chr2.Den25.L35MQ25.B30.map35_100.vcf.gz, /public/group_data_2023/wangc/Data/Archaic_data/denisova25/chr20.Den25.L35MQ25.B30.map35_100.vcf.gz, /public/group_data_2023/wangc/Data/Archaic_data/denisova25/chr21.Den25.L35MQ25.B30.map35_100.vcf.gz, /public/group_data_2023/wangc/Data/Archaic_data/denisova25/chr22.Den25.L35MQ25.B30.map35_100.vcf.gz, /public/group_data_2023/wangc/Data/Archaic_data/denisova25/chr3.Den25.L35MQ25.B30.map35_100.vcf.gz, /public/group_data_2023/wangc/Data/Archaic_data/denisova25/chr4.Den25.L35MQ25.B30.map35_100.vcf.gz, /public/group_data_2023/wangc/Data/Archaic_data/denisova25/chr5.Den25.L35MQ25.B30.map35_100.vcf.gz, /public/group_data_2023/wangc/Data/Archaic_data/denisova25/chr6.Den25.L35MQ25.B30.map35_100.vcf.gz, /public/group_data_2023/wangc/Data/Archaic_data/denisova25/chr7.Den25.L35MQ25.B30.map35_100.vcf.gz, /public/group_data_2023/wangc/Data/Archaic_data/denisova25/chr8.Den25.L35MQ25.B30.map35_100.vcf.gz, /public/group_data_2023/wangc/Data/Archaic_data/denisova25/chr9.Den25.L35MQ25.B30.map35_100.vcf.gz, /public/group_data_2023/xiaoyn/Data_Denisovan/Denisovan/FilterBed/chr10_mask.bed.gz, /public/group_data_2023/xiaoyn/Data_Denisovan/Denisovan/FilterBed/chr11_mask.bed.gz, /public/group_data_2023/xiaoyn/Data_Denisovan/Denisovan/FilterBed/chr12_mask.bed.gz, /public/group_data_2023/xiaoyn/Data_Denisovan/Denisovan/FilterBed/chr13_mask.bed.gz, /public/group_data_2023/xiaoyn/Data_Denisovan/Denisovan/FilterBed/chr14_mask.bed.gz, /public/group_data_2023/xiaoyn/Data_Denisovan/Denisovan/FilterBed/chr15_mask.bed.gz, /public/group_data_2023/xiaoyn/Data_Denisovan/Denisovan/FilterBed/chr16_mask.bed.gz, /public/group_data_2023/xiaoyn/Data_Denisovan/Denisovan/FilterBed/chr17_mask.bed.gz, /public/group_data_2023/xiaoyn/Data_Denisovan/Denisovan/FilterBed/chr18_mask.bed.gz, /public/group_data_2023/xiaoyn/Data_Denisovan/Denisovan/FilterBed/chr19_mask.bed.gz, /public/group_data_2023/xiaoyn/Data_Denisovan/Denisovan/FilterBed/chr1_mask.bed.gz, /public/group_data_2023/xiaoyn/Data_Denisovan/Denisovan/FilterBed/chr20_mask.bed.gz, /public/group_data_2023/xiaoyn/Data_Denisovan/Denisovan/FilterBed/chr21_mask.bed.gz, /public/group_data_2023/xiaoyn/Data_Denisovan/Denisovan/FilterBed/chr22_mask.bed.gz, /public/group_data_2023/xiaoyn/Data_Denisovan/Denisovan/FilterBed/chr2_mask.bed.gz, /public/group_data_2023/xiaoyn/Data_Denisovan/Denisovan/FilterBed/chr3_mask.bed.gz, /public/group_data_2023/xiaoyn/Data_Denisovan/Denisovan/FilterBed/chr4_mask.bed.gz, /public/group_data_2023/xiaoyn/Data_Denisovan/Denisovan/FilterBed/chr5_mask.bed.gz, /public/group_data_2023/xiaoyn/Data_Denisovan/Denisovan/FilterBed/chr6_mask.bed.gz, /public/group_data_2023/xiaoyn/Data_Denisovan/Denisovan/FilterBed/chr7_mask.bed.gz, /public/group_data_2023/xiaoyn/Data_Denisovan/Denisovan/FilterBed/chr8_mask.bed.gz, /public/group_data_2023/xiaoyn/Data_Denisovan/Denisovan/FilterBed/chr9_mask.bed.gz, /public/group_data_2023/xiaoyn/Data_Denisovan/Denisovan/chr_1.vcf.gz, /public/group_data_2023/xiaoyn/Data_Denisovan/Denisovan/chr_10.vcf.gz, /public/group_data_2023/xiaoyn/Data_Denisovan/Denisovan/chr_11.vcf.gz, /public/group_data_2023/xiaoyn/Data_Denisovan/Denisovan/chr_12.vcf.gz, /public/group_data_2023/xiaoyn/Data_Denisovan/Denisovan/chr_13.vcf.gz, /public/group_data_2023/xiaoyn/Data_Denisovan/Denisovan/chr_14.vcf.gz, /public/group_data_2023/xiaoyn/Data_Denisovan/Denisovan/chr_15.vcf.gz, /public/group_data_2023/xiaoyn/Data_Denisovan/Denisovan/chr_16.vcf.gz, /public/group_data_2023/xiaoyn/Data_Denisovan/Denisovan/chr_17.vcf.gz, /public/group_data_2023/xiaoyn/Data_Denisovan/Denisovan/chr_18.vcf.gz, /public/group_data_2023/xiaoyn/Data_Denisovan/Denisovan/chr_19.vcf.gz, /public/group_data_2023/xiaoyn/Data_Denisovan/Denisovan/chr_2.vcf.gz, /public/group_data_2023/xiaoyn/Data_Denisovan/Denisovan/chr_20.vcf.gz, /public/group_data_2023/xiaoyn/Data_Denisovan/Denisovan/chr_21.vcf.gz, /public/group_data_2023/xiaoyn/Data_Denisovan/Denisovan/chr_22.vcf.gz, /public/group_data_2023/xiaoyn/Data_Denisovan/Denisovan/chr_3.vcf.gz, /public/group_data_2023/xiaoyn/Data_Denisovan/Denisovan/chr_4.vcf.gz, /public/group_data_2023/xiaoyn/Data_Denisovan/Denisovan/chr_5.vcf.gz, /public/group_data_2023/xiaoyn/Data_Denisovan/Denisovan/chr_6.vcf.gz, /public/group_data_2023/xiaoyn/Data_Denisovan/Denisovan/chr_7.vcf.gz, /public/group_data_2023/xiaoyn/Data_Denisovan/Denisovan/chr_8.vcf.gz, /public/group_data_2023/xiaoyn/Data_Denisovan/Denisovan/chr_9.vcf.gz, /public/group_data_2023/xiaoyn/Data_Nean/Data_Altai_16/FilterBed/chr10_mask.bed.gz, /public/group_data_2023/xiaoyn/Data_Nean/Data_Altai_16/FilterBed/chr11_mask.bed.gz, /public/group_data_2023/xiaoyn/Data_Nean/Data_Altai_16/FilterBed/chr12_mask.bed.gz, /public/group_data_2023/xiaoyn/Data_Nean/Data_Altai_16/FilterBed/chr13_mask.bed.gz, /public/group_data_2023/xiaoyn/Data_Nean/Data_Altai_16/FilterBed/chr14_mask.bed.gz, /public/group_data_2023/xiaoyn/Data_Nean/Data_Altai_16/FilterBed/chr15_mask.bed.gz, /public/group_data_2023/xiaoyn/Data_Nean/Data_Altai_16/FilterBed/chr16_mask.bed.gz, /public/group_data_2023/xiaoyn/Data_Nean/Data_Altai_16/FilterBed/chr17_mask.bed.gz, /public/group_data_2023/xiaoyn/Data_Nean/Data_Altai_16/FilterBed/chr18_mask.bed.gz, /public/group_data_2023/xiaoyn/Data_Nean/Data_Altai_16/FilterBed/chr19_mask.bed.gz, /public/group_data_2023/xiaoyn/Data_Nean/Data_Altai_16/FilterBed/chr1_mask.bed.gz, /public/group_data_2023/xiaoyn/Data_Nean/Data_Altai_16/FilterBed/chr20_mask.bed.gz, /public/group_data_2023/xiaoyn/Data_Nean/Data_Altai_16/FilterBed/chr21_mask.bed.gz, /public/group_data_2023/xiaoyn/Data_Nean/Data_Altai_16/FilterBed/chr22_mask.bed.gz, /public/group_data_2023/xiaoyn/Data_Nean/Data_Altai_16/FilterBed/chr2_mask.bed.gz, /public/group_data_2023/xiaoyn/Data_Nean/Data_Altai_16/FilterBed/chr3_mask.bed.gz, /public/group_data_2023/xiaoyn/Data_Nean/Data_Altai_16/FilterBed/chr4_mask.bed.gz, /public/group_data_2023/xiaoyn/Data_Nean/Data_Altai_16/FilterBed/chr5_mask.bed.gz, /public/group_data_2023/xiaoyn/Data_Nean/Data_Altai_16/FilterBed/chr6_mask.bed.gz, /public/group_data_2023/xiaoyn/Data_Nean/Data_Altai_16/FilterBed/chr7_mask.bed.gz, /public/group_data_2023/xiaoyn/Data_Nean/Data_Altai_16/FilterBed/chr8_mask.bed.gz, /public/group_data_2023/xiaoyn/Data_Nean/Data_Altai_16/FilterBed/chr9_mask.bed.gz, /public/group_data_2023/xiaoyn/Data_Nean/Data_Altai_16/gz/chr1.vcf.gz, /public/group_data_2023/xiaoyn/Data_Nean/Data_Altai_16/gz/chr10.vcf.gz, /public/group_data_2023/xiaoyn/Data_Nean/Data_Altai_16/gz/chr11.vcf.gz, /public/group_data_2023/xiaoyn/Data_Nean/Data_Altai_16/gz/chr12.vcf.gz, /public/group_data_2023/xiaoyn/Data_Nean/Data_Altai_16/gz/chr13.vcf.gz, /public/group_data_2023/xiaoyn/Data_Nean/Data_Altai_16/gz/chr14.vcf.gz, /public/group_data_2023/xiaoyn/Data_Nean/Data_Altai_16/gz/chr15.vcf.gz, /public/group_data_2023/xiaoyn/Data_Nean/Data_Altai_16/gz/chr16.vcf.gz, /public/group_data_2023/xiaoyn/Data_Nean/Data_Altai_16/gz/chr17.vcf.gz, /public/group_data_2023/xiaoyn/Data_Nean/Data_Altai_16/gz/chr18.vcf.gz, /public/group_data_2023/xiaoyn/Data_Nean/Data_Altai_16/gz/chr19.vcf.gz, /public/group_data_2023/xiaoyn/Data_Nean/Data_Altai_16/gz/chr2.vcf.gz, /public/group_data_2023/xiaoyn/Data_Nean/Data_Altai_16/gz/chr20.vcf.gz, /public/group_data_2023/xiaoyn/Data_Nean/Data_Altai_16/gz/chr21.vcf.gz, /public/group_data_2023/xiaoyn/Data_Nean/Data_Altai_16/gz/chr22.vcf.gz, /public/group_data_2023/xiaoyn/Data_Nean/Data_Altai_16/gz/chr3.vcf.gz, /public/group_data_2023/xiaoyn/Data_Nean/Data_Altai_16/gz/chr4.vcf.gz, /public/group_data_2023/xiaoyn/Data_Nean/Data_Altai_16/gz/chr5.vcf.gz, /public/group_data_2023/xiaoyn/Data_Nean/Data_Altai_16/gz/chr6.vcf.gz, /public/group_data_2023/xiaoyn/Data_Nean/Data_Altai_16/gz/chr7.vcf.gz, /public/group_data_2023/xiaoyn/Data_Nean/Data_Altai_16/gz/chr8.vcf.gz, /public/group_data_2023/xiaoyn/Data_Nean/Data_Altai_16/gz/chr9.vcf.gz
    output: qc/validation.tsv, run_info.json
    log: logs/validate.log (check log file(s) for error details)

Will exit after finishing currently running jobs (scheduler).
Shutting down, this might take some time.
Complete log: .snakemake/log/2026-09-09T180405.396363.snakemake.log
WorkflowError:
At least one job did not complete successfully.
Assuming unrestricted shared filesystem usage.


host: chenlab
Building DAG of jobs...
Using shell: /usr/bin/bash
Provided cores: 22
Rules claiming more threads will be scaled down.
Provided resources: mem_mb=64000
Job stats:
job                   count
------------------  -------
all                       1
archaic_match            66
classify                  1
collect_gmm               1
collect_individual        1
collect_tables            1
concat                    1
contour                   1
fit_gmm                   2
gmm_input                 1
individual_chr           22
individual_pop            1
prepare_gmm_base          1
samples                   1
sprime                   22
subset                   22
summarize                 1
validate                  1
total                   147

Select jobs to execute...
Execute 1 jobs...

[Wed Sep  9 18:08:15 2026]
localrule validate:
    input: /public/group_data_2023/xiaoyn/Sprime-workflow-main/Sprime-workflow-main/config/samples-test.tsv, /public/group_data_2023/xiaoyn/Data_map/GRCh37map/plink.all.GRch37.map, /public/group_data_2023/xiaoyn/Sprime-workflow-main/Sprime-workflow-main/tools/sprime.jar, /public/group_data_2023/xiaoyn/Sprime-workflow-main/Sprime-workflow-main/tools/map_arch/map_arch, /public/group_data_2023/xiaoyn/Data_1KGP/chrom_1.vcf.gz, /public/group_data_2023/xiaoyn/Data_1KGP/chrom_10.vcf.gz, /public/group_data_2023/xiaoyn/Data_1KGP/chrom_11.vcf.gz, /public/group_data_2023/xiaoyn/Data_1KGP/chrom_12.vcf.gz, /public/group_data_2023/xiaoyn/Data_1KGP/chrom_13.vcf.gz, /public/group_data_2023/xiaoyn/Data_1KGP/chrom_14.vcf.gz, /public/group_data_2023/xiaoyn/Data_1KGP/chrom_15.vcf.gz, /public/group_data_2023/xiaoyn/Data_1KGP/chrom_16.vcf.gz, /public/group_data_2023/xiaoyn/Data_1KGP/chrom_17.vcf.gz, /public/group_data_2023/xiaoyn/Data_1KGP/chrom_18.vcf.gz, /public/group_data_2023/xiaoyn/Data_1KGP/chrom_19.vcf.gz, /public/group_data_2023/xiaoyn/Data_1KGP/chrom_2.vcf.gz, /public/group_data_2023/xiaoyn/Data_1KGP/chrom_20.vcf.gz, /public/group_data_2023/xiaoyn/Data_1KGP/chrom_21.vcf.gz, /public/group_data_2023/xiaoyn/Data_1KGP/chrom_22.vcf.gz, /public/group_data_2023/xiaoyn/Data_1KGP/chrom_3.vcf.gz, /public/group_data_2023/xiaoyn/Data_1KGP/chrom_4.vcf.gz, /public/group_data_2023/xiaoyn/Data_1KGP/chrom_5.vcf.gz, /public/group_data_2023/xiaoyn/Data_1KGP/chrom_6.vcf.gz, /public/group_data_2023/xiaoyn/Data_1KGP/chrom_7.vcf.gz, /public/group_data_2023/xiaoyn/Data_1KGP/chrom_8.vcf.gz, /public/group_data_2023/xiaoyn/Data_1KGP/chrom_9.vcf.gz, /public/group_data_2023/wangc/Data/Archaic_data/denisova25/FilterBed/Denisova25.chr1.hg19.L35MQ25.map35_100.GCcov.noSimpleRepeat.noIndel.min10x.bed.gz, /public/group_data_2023/wangc/Data/Archaic_data/denisova25/FilterBed/Denisova25.chr10.hg19.L35MQ25.map35_100.GCcov.noSimpleRepeat.noIndel.min10x.bed.gz, /public/group_data_2023/wangc/Data/Archaic_data/denisova25/FilterBed/Denisova25.chr11.hg19.L35MQ25.map35_100.GCcov.noSimpleRepeat.noIndel.min10x.bed.gz, /public/group_data_2023/wangc/Data/Archaic_data/denisova25/FilterBed/Denisova25.chr12.hg19.L35MQ25.map35_100.GCcov.noSimpleRepeat.noIndel.min10x.bed.gz, /public/group_data_2023/wangc/Data/Archaic_data/denisova25/FilterBed/Denisova25.chr13.hg19.L35MQ25.map35_100.GCcov.noSimpleRepeat.noIndel.min10x.bed.gz, /public/group_data_2023/wangc/Data/Archaic_data/denisova25/FilterBed/Denisova25.chr14.hg19.L35MQ25.map35_100.GCcov.noSimpleRepeat.noIndel.min10x.bed.gz, /public/group_data_2023/wangc/Data/Archaic_data/denisova25/FilterBed/Denisova25.chr15.hg19.L35MQ25.map35_100.GCcov.noSimpleRepeat.noIndel.min10x.bed.gz, /public/group_data_2023/wangc/Data/Archaic_data/denisova25/FilterBed/Denisova25.chr16.hg19.L35MQ25.map35_100.GCcov.noSimpleRepeat.noIndel.min10x.bed.gz, /public/group_data_2023/wangc/Data/Archaic_data/denisova25/FilterBed/Denisova25.chr17.hg19.L35MQ25.map35_100.GCcov.noSimpleRepeat.noIndel.min10x.bed.gz, /public/group_data_2023/wangc/Data/Archaic_data/denisova25/FilterBed/Denisova25.chr18.hg19.L35MQ25.map35_100.GCcov.noSimpleRepeat.noIndel.min10x.bed.gz, /public/group_data_2023/wangc/Data/Archaic_data/denisova25/FilterBed/Denisova25.chr19.hg19.L35MQ25.map35_100.GCcov.noSimpleRepeat.noIndel.min10x.bed.gz, /public/group_data_2023/wangc/Data/Archaic_data/denisova25/FilterBed/Denisova25.chr2.hg19.L35MQ25.map35_100.GCcov.noSimpleRepeat.noIndel.min10x.bed.gz, /public/group_data_2023/wangc/Data/Archaic_data/denisova25/FilterBed/Denisova25.chr20.hg19.L35MQ25.map35_100.GCcov.noSimpleRepeat.noIndel.min10x.bed.gz, /public/group_data_2023/wangc/Data/Archaic_data/denisova25/FilterBed/Denisova25.chr21.hg19.L35MQ25.map35_100.GCcov.noSimpleRepeat.noIndel.min10x.bed.gz, /public/group_data_2023/wangc/Data/Archaic_data/denisova25/FilterBed/Denisova25.chr22.hg19.L35MQ25.map35_100.GCcov.noSimpleRepeat.noIndel.min10x.bed.gz, /public/group_data_2023/wangc/Data/Archaic_data/denisova25/FilterBed/Denisova25.chr3.hg19.L35MQ25.map35_100.GCcov.noSimpleRepeat.noIndel.min10x.bed.gz, /public/group_data_2023/wangc/Data/Archaic_data/denisova25/FilterBed/Denisova25.chr4.hg19.L35MQ25.map35_100.GCcov.noSimpleRepeat.noIndel.min10x.bed.gz, /public/group_data_2023/wangc/Data/Archaic_data/denisova25/FilterBed/Denisova25.chr5.hg19.L35MQ25.map35_100.GCcov.noSimpleRepeat.noIndel.min10x.bed.gz, /public/group_data_2023/wangc/Data/Archaic_data/denisova25/FilterBed/Denisova25.chr6.hg19.L35MQ25.map35_100.GCcov.noSimpleRepeat.noIndel.min10x.bed.gz, /public/group_data_2023/wangc/Data/Archaic_data/denisova25/FilterBed/Denisova25.chr7.hg19.L35MQ25.map35_100.GCcov.noSimpleRepeat.noIndel.min10x.bed.gz, /public/group_data_2023/wangc/Data/Archaic_data/denisova25/FilterBed/Denisova25.chr8.hg19.L35MQ25.map35_100.GCcov.noSimpleRepeat.noIndel.min10x.bed.gz, /public/group_data_2023/wangc/Data/Archaic_data/denisova25/FilterBed/Denisova25.chr9.hg19.L35MQ25.map35_100.GCcov.noSimpleRepeat.noIndel.min10x.bed.gz, /public/group_data_2023/wangc/Data/Archaic_data/denisova25/chr1.Den25.L35MQ25.B30.map35_100.vcf.gz, /public/group_data_2023/wangc/Data/Archaic_data/denisova25/chr10.Den25.L35MQ25.B30.map35_100.vcf.gz, /public/group_data_2023/wangc/Data/Archaic_data/denisova25/chr11.Den25.L35MQ25.B30.map35_100.vcf.gz, /public/group_data_2023/wangc/Data/Archaic_data/denisova25/chr12.Den25.L35MQ25.B30.map35_100.vcf.gz, /public/group_data_2023/wangc/Data/Archaic_data/denisova25/chr13.Den25.L35MQ25.B30.map35_100.vcf.gz, /public/group_data_2023/wangc/Data/Archaic_data/denisova25/chr14.Den25.L35MQ25.B30.map35_100.vcf.gz, /public/group_data_2023/wangc/Data/Archaic_data/denisova25/chr15.Den25.L35MQ25.B30.map35_100.vcf.gz, /public/group_data_2023/wangc/Data/Archaic_data/denisova25/chr16.Den25.L35MQ25.B30.map35_100.vcf.gz, /public/group_data_2023/wangc/Data/Archaic_data/denisova25/chr17.Den25.L35MQ25.B30.map35_100.vcf.gz, /public/group_data_2023/wangc/Data/Archaic_data/denisova25/chr18.Den25.L35MQ25.B30.map35_100.vcf.gz, /public/group_data_2023/wangc/Data/Archaic_data/denisova25/chr19.Den25.L35MQ25.B30.map35_100.vcf.gz, /public/group_data_2023/wangc/Data/Archaic_data/denisova25/chr2.Den25.L35MQ25.B30.map35_100.vcf.gz, /public/group_data_2023/wangc/Data/Archaic_data/denisova25/chr20.Den25.L35MQ25.B30.map35_100.vcf.gz, /public/group_data_2023/wangc/Data/Archaic_data/denisova25/chr21.Den25.L35MQ25.B30.map35_100.vcf.gz, /public/group_data_2023/wangc/Data/Archaic_data/denisova25/chr22.Den25.L35MQ25.B30.map35_100.vcf.gz, /public/group_data_2023/wangc/Data/Archaic_data/denisova25/chr3.Den25.L35MQ25.B30.map35_100.vcf.gz, /public/group_data_2023/wangc/Data/Archaic_data/denisova25/chr4.Den25.L35MQ25.B30.map35_100.vcf.gz, /public/group_data_2023/wangc/Data/Archaic_data/denisova25/chr5.Den25.L35MQ25.B30.map35_100.vcf.gz, /public/group_data_2023/wangc/Data/Archaic_data/denisova25/chr6.Den25.L35MQ25.B30.map35_100.vcf.gz, /public/group_data_2023/wangc/Data/Archaic_data/denisova25/chr7.Den25.L35MQ25.B30.map35_100.vcf.gz, /public/group_data_2023/wangc/Data/Archaic_data/denisova25/chr8.Den25.L35MQ25.B30.map35_100.vcf.gz, /public/group_data_2023/wangc/Data/Archaic_data/denisova25/chr9.Den25.L35MQ25.B30.map35_100.vcf.gz, /public/group_data_2023/xiaoyn/Data_Denisovan/Denisovan/FilterBed/chr10_mask.bed.gz, /public/group_data_2023/xiaoyn/Data_Denisovan/Denisovan/FilterBed/chr11_mask.bed.gz, /public/group_data_2023/xiaoyn/Data_Denisovan/Denisovan/FilterBed/chr12_mask.bed.gz, /public/group_data_2023/xiaoyn/Data_Denisovan/Denisovan/FilterBed/chr13_mask.bed.gz, /public/group_data_2023/xiaoyn/Data_Denisovan/Denisovan/FilterBed/chr14_mask.bed.gz, /public/group_data_2023/xiaoyn/Data_Denisovan/Denisovan/FilterBed/chr15_mask.bed.gz, /public/group_data_2023/xiaoyn/Data_Denisovan/Denisovan/FilterBed/chr16_mask.bed.gz, /public/group_data_2023/xiaoyn/Data_Denisovan/Denisovan/FilterBed/chr17_mask.bed.gz, /public/group_data_2023/xiaoyn/Data_Denisovan/Denisovan/FilterBed/chr18_mask.bed.gz, /public/group_data_2023/xiaoyn/Data_Denisovan/Denisovan/FilterBed/chr19_mask.bed.gz, /public/group_data_2023/xiaoyn/Data_Denisovan/Denisovan/FilterBed/chr1_mask.bed.gz, /public/group_data_2023/xiaoyn/Data_Denisovan/Denisovan/FilterBed/chr20_mask.bed.gz, /public/group_data_2023/xiaoyn/Data_Denisovan/Denisovan/FilterBed/chr21_mask.bed.gz, /public/group_data_2023/xiaoyn/Data_Denisovan/Denisovan/FilterBed/chr22_mask.bed.gz, /public/group_data_2023/xiaoyn/Data_Denisovan/Denisovan/FilterBed/chr2_mask.bed.gz, /public/group_data_2023/xiaoyn/Data_Denisovan/Denisovan/FilterBed/chr3_mask.bed.gz, /public/group_data_2023/xiaoyn/Data_Denisovan/Denisovan/FilterBed/chr4_mask.bed.gz, /public/group_data_2023/xiaoyn/Data_Denisovan/Denisovan/FilterBed/chr5_mask.bed.gz, /public/group_data_2023/xiaoyn/Data_Denisovan/Denisovan/FilterBed/chr6_mask.bed.gz, /public/group_data_2023/xiaoyn/Data_Denisovan/Denisovan/FilterBed/chr7_mask.bed.gz, /public/group_data_2023/xiaoyn/Data_Denisovan/Denisovan/FilterBed/chr8_mask.bed.gz, /public/group_data_2023/xiaoyn/Data_Denisovan/Denisovan/FilterBed/chr9_mask.bed.gz, /public/group_data_2023/xiaoyn/Data_Denisovan/Denisovan/chr_1.vcf.gz, /public/group_data_2023/xiaoyn/Data_Denisovan/Denisovan/chr_10.vcf.gz, /public/group_data_2023/xiaoyn/Data_Denisovan/Denisovan/chr_11.vcf.gz, /public/group_data_2023/xiaoyn/Data_Denisovan/Denisovan/chr_12.vcf.gz, /public/group_data_2023/xiaoyn/Data_Denisovan/Denisovan/chr_13.vcf.gz, /public/group_data_2023/xiaoyn/Data_Denisovan/Denisovan/chr_14.vcf.gz, /public/group_data_2023/xiaoyn/Data_Denisovan/Denisovan/chr_15.vcf.gz, /public/group_data_2023/xiaoyn/Data_Denisovan/Denisovan/chr_16.vcf.gz, /public/group_data_2023/xiaoyn/Data_Denisovan/Denisovan/chr_17.vcf.gz, /public/group_data_2023/xiaoyn/Data_Denisovan/Denisovan/chr_18.vcf.gz, /public/group_data_2023/xiaoyn/Data_Denisovan/Denisovan/chr_19.vcf.gz, /public/group_data_2023/xiaoyn/Data_Denisovan/Denisovan/chr_2.vcf.gz, /public/group_data_2023/xiaoyn/Data_Denisovan/Denisovan/chr_20.vcf.gz, /public/group_data_2023/xiaoyn/Data_Denisovan/Denisovan/chr_21.vcf.gz, /public/group_data_2023/xiaoyn/Data_Denisovan/Denisovan/chr_22.vcf.gz, /public/group_data_2023/xiaoyn/Data_Denisovan/Denisovan/chr_3.vcf.gz, /public/group_data_2023/xiaoyn/Data_Denisovan/Denisovan/chr_4.vcf.gz, /public/group_data_2023/xiaoyn/Data_Denisovan/Denisovan/chr_5.vcf.gz, /public/group_data_2023/xiaoyn/Data_Denisovan/Denisovan/chr_6.vcf.gz, /public/group_data_2023/xiaoyn/Data_Denisovan/Denisovan/chr_7.vcf.gz, /public/group_data_2023/xiaoyn/Data_Denisovan/Denisovan/chr_8.vcf.gz, /public/group_data_2023/xiaoyn/Data_Denisovan/Denisovan/chr_9.vcf.gz, /public/group_data_2023/xiaoyn/Data_Nean/Data_Altai_16/FilterBed/chr10_mask.bed.gz, /public/group_data_2023/xiaoyn/Data_Nean/Data_Altai_16/FilterBed/chr11_mask.bed.gz, /public/group_data_2023/xiaoyn/Data_Nean/Data_Altai_16/FilterBed/chr12_mask.bed.gz, /public/group_data_2023/xiaoyn/Data_Nean/Data_Altai_16/FilterBed/chr13_mask.bed.gz, /public/group_data_2023/xiaoyn/Data_Nean/Data_Altai_16/FilterBed/chr14_mask.bed.gz, /public/group_data_2023/xiaoyn/Data_Nean/Data_Altai_16/FilterBed/chr15_mask.bed.gz, /public/group_data_2023/xiaoyn/Data_Nean/Data_Altai_16/FilterBed/chr16_mask.bed.gz, /public/group_data_2023/xiaoyn/Data_Nean/Data_Altai_16/FilterBed/chr17_mask.bed.gz, /public/group_data_2023/xiaoyn/Data_Nean/Data_Altai_16/FilterBed/chr18_mask.bed.gz, /public/group_data_2023/xiaoyn/Data_Nean/Data_Altai_16/FilterBed/chr19_mask.bed.gz, /public/group_data_2023/xiaoyn/Data_Nean/Data_Altai_16/FilterBed/chr1_mask.bed.gz, /public/group_data_2023/xiaoyn/Data_Nean/Data_Altai_16/FilterBed/chr20_mask.bed.gz, /public/group_data_2023/xiaoyn/Data_Nean/Data_Altai_16/FilterBed/chr21_mask.bed.gz, /public/group_data_2023/xiaoyn/Data_Nean/Data_Altai_16/FilterBed/chr22_mask.bed.gz, /public/group_data_2023/xiaoyn/Data_Nean/Data_Altai_16/FilterBed/chr2_mask.bed.gz, /public/group_data_2023/xiaoyn/Data_Nean/Data_Altai_16/FilterBed/chr3_mask.bed.gz, /public/group_data_2023/xiaoyn/Data_Nean/Data_Altai_16/FilterBed/chr4_mask.bed.gz, /public/group_data_2023/xiaoyn/Data_Nean/Data_Altai_16/FilterBed/chr5_mask.bed.gz, /public/group_data_2023/xiaoyn/Data_Nean/Data_Altai_16/FilterBed/chr6_mask.bed.gz, /public/group_data_2023/xiaoyn/Data_Nean/Data_Altai_16/FilterBed/chr7_mask.bed.gz, /public/group_data_2023/xiaoyn/Data_Nean/Data_Altai_16/FilterBed/chr8_mask.bed.gz, /public/group_data_2023/xiaoyn/Data_Nean/Data_Altai_16/FilterBed/chr9_mask.bed.gz, /public/group_data_2023/xiaoyn/Data_Nean/Data_Altai_16/gz/chr1.vcf.gz, /public/group_data_2023/xiaoyn/Data_Nean/Data_Altai_16/gz/chr10.vcf.gz, /public/group_data_2023/xiaoyn/Data_Nean/Data_Altai_16/gz/chr11.vcf.gz, /public/group_data_2023/xiaoyn/Data_Nean/Data_Altai_16/gz/chr12.vcf.gz, /public/group_data_2023/xiaoyn/Data_Nean/Data_Altai_16/gz/chr13.vcf.gz, /public/group_data_2023/xiaoyn/Data_Nean/Data_Altai_16/gz/chr14.vcf.gz, /public/group_data_2023/xiaoyn/Data_Nean/Data_Altai_16/gz/chr15.vcf.gz, /public/group_data_2023/xiaoyn/Data_Nean/Data_Altai_16/gz/chr16.vcf.gz, /public/group_data_2023/xiaoyn/Data_Nean/Data_Altai_16/gz/chr17.vcf.gz, /public/group_data_2023/xiaoyn/Data_Nean/Data_Altai_16/gz/chr18.vcf.gz, /public/group_data_2023/xiaoyn/Data_Nean/Data_Altai_16/gz/chr19.vcf.gz, /public/group_data_2023/xiaoyn/Data_Nean/Data_Altai_16/gz/chr2.vcf.gz, /public/group_data_2023/xiaoyn/Data_Nean/Data_Altai_16/gz/chr20.vcf.gz, /public/group_data_2023/xiaoyn/Data_Nean/Data_Altai_16/gz/chr21.vcf.gz, /public/group_data_2023/xiaoyn/Data_Nean/Data_Altai_16/gz/chr22.vcf.gz, /public/group_data_2023/xiaoyn/Data_Nean/Data_Altai_16/gz/chr3.vcf.gz, /public/group_data_2023/xiaoyn/Data_Nean/Data_Altai_16/gz/chr4.vcf.gz, /public/group_data_2023/xiaoyn/Data_Nean/Data_Altai_16/gz/chr5.vcf.gz, /public/group_data_2023/xiaoyn/Data_Nean/Data_Altai_16/gz/chr6.vcf.gz, /public/group_data_2023/xiaoyn/Data_Nean/Data_Altai_16/gz/chr7.vcf.gz, /public/group_data_2023/xiaoyn/Data_Nean/Data_Altai_16/gz/chr8.vcf.gz, /public/group_data_2023/xiaoyn/Data_Nean/Data_Altai_16/gz/chr9.vcf.gz
    output: qc/validation.tsv, run_info.json
    log: logs/validate.log
    jobid: 8
    reason: Missing output files: qc/validation.tsv
    resources: tmpdir=/tmp

[W::hts_idx_load3] The index file is older than the data file: /public/group_data_2023/xiaoyn/Data_1KGP/chrom_22.vcf.gz.csi
[Wed Sep  9 22:16:34 2026]
Finished job 8.
1 of 147 steps (1%) done
Select jobs to execute...
Execute 1 jobs...

[Wed Sep  9 22:16:34 2026]
localrule samples:
    input: qc/validation.tsv, /public/group_data_2023/xiaoyn/Sprime-workflow-main/Sprime-workflow-main/config/samples-test.tsv
    output: work/CHS/samples.txt, work/CHS/outgroup.txt
    log: logs/CHS/samples.log
    jobid: 7
    reason: Missing output files: work/CHS/outgroup.txt, work/CHS/samples.txt; Input files updated by another job: qc/validation.tsv
    wildcards: population=CHS
    resources: tmpdir=/tmp

[Wed Sep  9 22:16:35 2026]
Finished job 7.
2 of 147 steps (1%) done
Select jobs to execute...
Execute 22 jobs...

[Wed Sep  9 22:16:35 2026]
localrule subset:
    input: work/CHS/samples.txt, /public/group_data_2023/xiaoyn/Data_1KGP/chrom_20.vcf.gz
    output: work/CHS/chr20.vcf.gz, work/CHS/chr20.vcf.gz.csi
    log: logs/CHS/subset.20.log
    jobid: 28
    reason: Missing output files: work/CHS/chr20.vcf.gz.csi, work/CHS/chr20.vcf.gz; Input files updated by another job: work/CHS/samples.txt
    wildcards: population=CHS, chrom=20
    resources: tmpdir=/tmp, mem_mb=2000, mem_mib=1908

[Wed Sep  9 22:16:35 2026]
localrule subset:
    input: work/CHS/samples.txt, /public/group_data_2023/xiaoyn/Data_1KGP/chrom_13.vcf.gz
    output: work/CHS/chr13.vcf.gz, work/CHS/chr13.vcf.gz.csi
    log: logs/CHS/subset.13.log
    jobid: 21
    reason: Missing output files: work/CHS/chr13.vcf.gz, work/CHS/chr13.vcf.gz.csi; Input files updated by another job: work/CHS/samples.txt
    wildcards: population=CHS, chrom=13
    resources: tmpdir=/tmp, mem_mb=2000, mem_mib=1908

[Wed Sep  9 22:16:35 2026]
localrule subset:
    input: work/CHS/samples.txt, /public/group_data_2023/xiaoyn/Data_1KGP/chrom_7.vcf.gz
    output: work/CHS/chr7.vcf.gz, work/CHS/chr7.vcf.gz.csi
    log: logs/CHS/subset.7.log
    jobid: 15
    reason: Missing output files: work/CHS/chr7.vcf.gz.csi, work/CHS/chr7.vcf.gz; Input files updated by another job: work/CHS/samples.txt
    wildcards: population=CHS, chrom=7
    resources: tmpdir=/tmp, mem_mb=2000, mem_mib=1908

[Wed Sep  9 22:16:35 2026]
localrule subset:
    input: work/CHS/samples.txt, /public/group_data_2023/xiaoyn/Data_1KGP/chrom_21.vcf.gz
    output: work/CHS/chr21.vcf.gz, work/CHS/chr21.vcf.gz.csi
    log: logs/CHS/subset.21.log
    jobid: 29
    reason: Missing output files: work/CHS/chr21.vcf.gz, work/CHS/chr21.vcf.gz.csi; Input files updated by another job: work/CHS/samples.txt
    wildcards: population=CHS, chrom=21
    resources: tmpdir=/tmp, mem_mb=2000, mem_mib=1908

[Wed Sep  9 22:16:35 2026]
localrule subset:
    input: work/CHS/samples.txt, /public/group_data_2023/xiaoyn/Data_1KGP/chrom_14.vcf.gz
    output: work/CHS/chr14.vcf.gz, work/CHS/chr14.vcf.gz.csi
    log: logs/CHS/subset.14.log
    jobid: 22
    reason: Missing output files: work/CHS/chr14.vcf.gz.csi, work/CHS/chr14.vcf.gz; Input files updated by another job: work/CHS/samples.txt
    wildcards: population=CHS, chrom=14
    resources: tmpdir=/tmp, mem_mb=2000, mem_mib=1908

[Wed Sep  9 22:16:35 2026]
localrule subset:
    input: work/CHS/samples.txt, /public/group_data_2023/xiaoyn/Data_1KGP/chrom_8.vcf.gz
    output: work/CHS/chr8.vcf.gz, work/CHS/chr8.vcf.gz.csi
    log: logs/CHS/subset.8.log
    jobid: 16
    reason: Missing output files: work/CHS/chr8.vcf.gz.csi, work/CHS/chr8.vcf.gz; Input files updated by another job: work/CHS/samples.txt
    wildcards: population=CHS, chrom=8
    resources: tmpdir=/tmp, mem_mb=2000, mem_mib=1908

[Wed Sep  9 22:16:35 2026]
localrule subset:
    input: work/CHS/samples.txt, /public/group_data_2023/xiaoyn/Data_1KGP/chrom_1.vcf.gz
    output: work/CHS/chr1.vcf.gz, work/CHS/chr1.vcf.gz.csi
    log: logs/CHS/subset.1.log
    jobid: 6
    reason: Missing output files: work/CHS/chr1.vcf.gz.csi, work/CHS/chr1.vcf.gz; Input files updated by another job: work/CHS/samples.txt
    wildcards: population=CHS, chrom=1
    resources: tmpdir=/tmp, mem_mb=2000, mem_mib=1908

[Wed Sep  9 22:16:35 2026]
localrule subset:
    input: work/CHS/samples.txt, /public/group_data_2023/xiaoyn/Data_1KGP/chrom_22.vcf.gz
    output: work/CHS/chr22.vcf.gz, work/CHS/chr22.vcf.gz.csi
    log: logs/CHS/subset.22.log
    jobid: 30
    reason: Missing output files: work/CHS/chr22.vcf.gz, work/CHS/chr22.vcf.gz.csi; Input files updated by another job: work/CHS/samples.txt
    wildcards: population=CHS, chrom=22
    resources: tmpdir=/tmp, mem_mb=2000, mem_mib=1908

[Wed Sep  9 22:16:35 2026]
localrule subset:
    input: work/CHS/samples.txt, /public/group_data_2023/xiaoyn/Data_1KGP/chrom_15.vcf.gz
    output: work/CHS/chr15.vcf.gz, work/CHS/chr15.vcf.gz.csi
    log: logs/CHS/subset.15.log
    jobid: 23
    reason: Missing output files: work/CHS/chr15.vcf.gz, work/CHS/chr15.vcf.gz.csi; Input files updated by another job: work/CHS/samples.txt
    wildcards: population=CHS, chrom=15
    resources: tmpdir=/tmp, mem_mb=2000, mem_mib=1908

[Wed Sep  9 22:16:35 2026]
localrule subset:
    input: work/CHS/samples.txt, /public/group_data_2023/xiaoyn/Data_1KGP/chrom_9.vcf.gz
    output: work/CHS/chr9.vcf.gz, work/CHS/chr9.vcf.gz.csi
    log: logs/CHS/subset.9.log
    jobid: 17
    reason: Missing output files: work/CHS/chr9.vcf.gz, work/CHS/chr9.vcf.gz.csi; Input files updated by another job: work/CHS/samples.txt
    wildcards: population=CHS, chrom=9
    resources: tmpdir=/tmp, mem_mb=2000, mem_mib=1908

[Wed Sep  9 22:16:35 2026]
localrule subset:
    input: work/CHS/samples.txt, /public/group_data_2023/xiaoyn/Data_1KGP/chrom_2.vcf.gz
    output: work/CHS/chr2.vcf.gz, work/CHS/chr2.vcf.gz.csi
    log: logs/CHS/subset.2.log
    jobid: 10
    reason: Missing output files: work/CHS/chr2.vcf.gz.csi, work/CHS/chr2.vcf.gz; Input files updated by another job: work/CHS/samples.txt
    wildcards: population=CHS, chrom=2
    resources: tmpdir=/tmp, mem_mb=2000, mem_mib=1908

[Wed Sep  9 22:16:35 2026]
localrule subset:
    input: work/CHS/samples.txt, /public/group_data_2023/xiaoyn/Data_1KGP/chrom_16.vcf.gz
    output: work/CHS/chr16.vcf.gz, work/CHS/chr16.vcf.gz.csi
    log: logs/CHS/subset.16.log
    jobid: 24
    reason: Missing output files: work/CHS/chr16.vcf.gz.csi, work/CHS/chr16.vcf.gz; Input files updated by another job: work/CHS/samples.txt
    wildcards: population=CHS, chrom=16
    resources: tmpdir=/tmp, mem_mb=2000, mem_mib=1908

[Wed Sep  9 22:16:35 2026]
localrule subset:
    input: work/CHS/samples.txt, /public/group_data_2023/xiaoyn/Data_1KGP/chrom_10.vcf.gz
    output: work/CHS/chr10.vcf.gz, work/CHS/chr10.vcf.gz.csi
    log: logs/CHS/subset.10.log
    jobid: 18
    reason: Missing output files: work/CHS/chr10.vcf.gz.csi, work/CHS/chr10.vcf.gz; Input files updated by another job: work/CHS/samples.txt
    wildcards: population=CHS, chrom=10
    resources: tmpdir=/tmp, mem_mb=2000, mem_mib=1908

[Wed Sep  9 22:16:35 2026]
localrule subset:
    input: work/CHS/samples.txt, /public/group_data_2023/xiaoyn/Data_1KGP/chrom_3.vcf.gz
    output: work/CHS/chr3.vcf.gz, work/CHS/chr3.vcf.gz.csi
    log: logs/CHS/subset.3.log
    jobid: 11
    reason: Missing output files: work/CHS/chr3.vcf.gz, work/CHS/chr3.vcf.gz.csi; Input files updated by another job: work/CHS/samples.txt
    wildcards: population=CHS, chrom=3
    resources: tmpdir=/tmp, mem_mb=2000, mem_mib=1908

[Wed Sep  9 22:16:35 2026]
localrule subset:
    input: work/CHS/samples.txt, /public/group_data_2023/xiaoyn/Data_1KGP/chrom_17.vcf.gz
    output: work/CHS/chr17.vcf.gz, work/CHS/chr17.vcf.gz.csi
    log: logs/CHS/subset.17.log
    jobid: 25
    reason: Missing output files: work/CHS/chr17.vcf.gz, work/CHS/chr17.vcf.gz.csi; Input files updated by another job: work/CHS/samples.txt
    wildcards: population=CHS, chrom=17
    resources: tmpdir=/tmp, mem_mb=2000, mem_mib=1908

[Wed Sep  9 22:16:35 2026]
localrule subset:
    input: work/CHS/samples.txt, /public/group_data_2023/xiaoyn/Data_1KGP/chrom_11.vcf.gz
    output: work/CHS/chr11.vcf.gz, work/CHS/chr11.vcf.gz.csi
    log: logs/CHS/subset.11.log
    jobid: 19
    reason: Missing output files: work/CHS/chr11.vcf.gz, work/CHS/chr11.vcf.gz.csi; Input files updated by another job: work/CHS/samples.txt
    wildcards: population=CHS, chrom=11
    resources: tmpdir=/tmp, mem_mb=2000, mem_mib=1908

[Wed Sep  9 22:16:35 2026]
localrule subset:
    input: work/CHS/samples.txt, /public/group_data_2023/xiaoyn/Data_1KGP/chrom_4.vcf.gz
    output: work/CHS/chr4.vcf.gz, work/CHS/chr4.vcf.gz.csi
    log: logs/CHS/subset.4.log
    jobid: 12
    reason: Missing output files: work/CHS/chr4.vcf.gz.csi, work/CHS/chr4.vcf.gz; Input files updated by another job: work/CHS/samples.txt
    wildcards: population=CHS, chrom=4
    resources: tmpdir=/tmp, mem_mb=2000, mem_mib=1908

[Wed Sep  9 22:16:35 2026]
localrule subset:
    input: work/CHS/samples.txt, /public/group_data_2023/xiaoyn/Data_1KGP/chrom_18.vcf.gz
    output: work/CHS/chr18.vcf.gz, work/CHS/chr18.vcf.gz.csi
    log: logs/CHS/subset.18.log
    jobid: 26
    reason: Missing output files: work/CHS/chr18.vcf.gz, work/CHS/chr18.vcf.gz.csi; Input files updated by another job: work/CHS/samples.txt
    wildcards: population=CHS, chrom=18
    resources: tmpdir=/tmp, mem_mb=2000, mem_mib=1908

[Wed Sep  9 22:16:35 2026]
localrule subset:
    input: work/CHS/samples.txt, /public/group_data_2023/xiaoyn/Data_1KGP/chrom_12.vcf.gz
    output: work/CHS/chr12.vcf.gz, work/CHS/chr12.vcf.gz.csi
    log: logs/CHS/subset.12.log
    jobid: 20
    reason: Missing output files: work/CHS/chr12.vcf.gz, work/CHS/chr12.vcf.gz.csi; Input files updated by another job: work/CHS/samples.txt
    wildcards: population=CHS, chrom=12
    resources: tmpdir=/tmp, mem_mb=2000, mem_mib=1908

[Wed Sep  9 22:16:35 2026]
localrule subset:
    input: work/CHS/samples.txt, /public/group_data_2023/xiaoyn/Data_1KGP/chrom_5.vcf.gz
    output: work/CHS/chr5.vcf.gz, work/CHS/chr5.vcf.gz.csi
    log: logs/CHS/subset.5.log
    jobid: 13
    reason: Missing output files: work/CHS/chr5.vcf.gz.csi, work/CHS/chr5.vcf.gz; Input files updated by another job: work/CHS/samples.txt
    wildcards: population=CHS, chrom=5
    resources: tmpdir=/tmp, mem_mb=2000, mem_mib=1908

[Wed Sep  9 22:16:35 2026]
localrule subset:
    input: work/CHS/samples.txt, /public/group_data_2023/xiaoyn/Data_1KGP/chrom_19.vcf.gz
    output: work/CHS/chr19.vcf.gz, work/CHS/chr19.vcf.gz.csi
    log: logs/CHS/subset.19.log
    jobid: 27
    reason: Missing output files: work/CHS/chr19.vcf.gz, work/CHS/chr19.vcf.gz.csi; Input files updated by another job: work/CHS/samples.txt
    wildcards: population=CHS, chrom=19
    resources: tmpdir=/tmp, mem_mb=2000, mem_mib=1908

[Wed Sep  9 22:16:35 2026]
localrule subset:
    input: work/CHS/samples.txt, /public/group_data_2023/xiaoyn/Data_1KGP/chrom_6.vcf.gz
    output: work/CHS/chr6.vcf.gz, work/CHS/chr6.vcf.gz.csi
    log: logs/CHS/subset.6.log
    jobid: 14
    reason: Missing output files: work/CHS/chr6.vcf.gz, work/CHS/chr6.vcf.gz.csi; Input files updated by another job: work/CHS/samples.txt
    wildcards: population=CHS, chrom=6
    resources: tmpdir=/tmp, mem_mb=2000, mem_mib=1908

[Wed Sep  9 22:18:14 2026]
Finished job 30.
3 of 147 steps (2%) done
[Wed Sep  9 22:18:15 2026]
Finished job 29.
4 of 147 steps (3%) done
[Wed Sep  9 22:19:11 2026]
Finished job 28.
5 of 147 steps (3%) done
[Wed Sep  9 22:19:12 2026]
Finished job 27.
6 of 147 steps (4%) done
[Wed Sep  9 22:19:38 2026]
Finished job 25.
7 of 147 steps (5%) done
[Wed Sep  9 22:19:47 2026]
Finished job 26.
8 of 147 steps (5%) done
[Wed Sep  9 22:19:58 2026]
Finished job 23.
9 of 147 steps (6%) done
[Wed Sep  9 22:20:17 2026]
Finished job 22.
10 of 147 steps (7%) done
[Wed Sep  9 22:20:19 2026]
Finished job 24.
11 of 147 steps (7%) done
[Wed Sep  9 22:20:19 2026]
Finished job 21.
12 of 147 steps (8%) done
[Wed Sep  9 22:21:24 2026]
Finished job 17.
13 of 147 steps (9%) done
[Wed Sep  9 22:21:33 2026]
Finished job 20.
14 of 147 steps (10%) done
[Wed Sep  9 22:21:50 2026]
Finished job 19.
15 of 147 steps (10%) done
[Wed Sep  9 22:21:56 2026]
Finished job 18.
16 of 147 steps (11%) done
[Wed Sep  9 22:22:38 2026]
Finished job 15.
17 of 147 steps (12%) done
[Wed Sep  9 22:22:39 2026]
Finished job 16.
18 of 147 steps (12%) done
[Wed Sep  9 22:23:14 2026]
Finished job 14.
19 of 147 steps (13%) done
[Wed Sep  9 22:23:26 2026]
Finished job 13.
20 of 147 steps (14%) done
[Wed Sep  9 22:24:01 2026]
Finished job 11.
21 of 147 steps (14%) done
[Wed Sep  9 22:24:10 2026]
Finished job 12.
22 of 147 steps (15%) done
[Wed Sep  9 22:24:58 2026]
Finished job 6.
23 of 147 steps (16%) done
[Wed Sep  9 22:25:45 2026]
Finished job 10.
24 of 147 steps (16%) done
Select jobs to execute...
Execute 1 jobs...

[Wed Sep  9 22:25:45 2026]
localrule concat:
    input: work/CHS/chr1.vcf.gz, work/CHS/chr2.vcf.gz, work/CHS/chr3.vcf.gz, work/CHS/chr4.vcf.gz, work/CHS/chr5.vcf.gz, work/CHS/chr6.vcf.gz, work/CHS/chr7.vcf.gz, work/CHS/chr8.vcf.gz, work/CHS/chr9.vcf.gz, work/CHS/chr10.vcf.gz, work/CHS/chr11.vcf.gz, work/CHS/chr12.vcf.gz, work/CHS/chr13.vcf.gz, work/CHS/chr14.vcf.gz, work/CHS/chr15.vcf.gz, work/CHS/chr16.vcf.gz, work/CHS/chr17.vcf.gz, work/CHS/chr18.vcf.gz, work/CHS/chr19.vcf.gz, work/CHS/chr20.vcf.gz, work/CHS/chr21.vcf.gz, work/CHS/chr22.vcf.gz
    output: work/CHS/all.auto.vcf.gz
    log: logs/CHS/concat.log
    jobid: 5
    reason: Missing output files: work/CHS/all.auto.vcf.gz; Input files updated by another job: work/CHS/chr4.vcf.gz, work/CHS/chr22.vcf.gz, work/CHS/chr3.vcf.gz, work/CHS/chr11.vcf.gz, work/CHS/chr19.vcf.gz, work/CHS/chr12.vcf.gz, work/CHS/chr20.vcf.gz, work/CHS/chr16.vcf.gz, work/CHS/chr7.vcf.gz, work/CHS/chr21.vcf.gz, work/CHS/chr17.vcf.gz, work/CHS/chr6.vcf.gz, work/CHS/chr8.vcf.gz, work/CHS/chr10.vcf.gz, work/CHS/chr5.vcf.gz, work/CHS/chr14.vcf.gz, work/CHS/chr9.vcf.gz, work/CHS/chr13.vcf.gz, work/CHS/chr18.vcf.gz, work/CHS/chr1.vcf.gz, work/CHS/chr15.vcf.gz, work/CHS/chr2.vcf.gz
    wildcards: population=CHS
    resources: tmpdir=/tmp

[Wed Sep  9 22:31:03 2026]
Finished job 5.
25 of 147 steps (17%) done
Select jobs to execute...
Execute 8 jobs...

[Wed Sep  9 22:31:03 2026]
localrule sprime:
    input: work/CHS/all.auto.vcf.gz, work/CHS/outgroup.txt, /public/group_data_2023/xiaoyn/Sprime-workflow-main/Sprime-workflow-main/tools/sprime.jar, /public/group_data_2023/xiaoyn/Data_map/GRCh37map/plink.all.GRch37.map
    output: sprime/CHS/chr22.score
    log: logs/CHS/sprime.22.log
    jobid: 72
    reason: Missing output files: sprime/CHS/chr22.score; Input files updated by another job: work/CHS/outgroup.txt, work/CHS/all.auto.vcf.gz
    wildcards: population=CHS, chrom=22
    resources: tmpdir=/tmp, mem_mb=8000, mem_mib=7630

[Wed Sep  9 22:31:03 2026]
localrule sprime:
    input: work/CHS/all.auto.vcf.gz, work/CHS/outgroup.txt, /public/group_data_2023/xiaoyn/Sprime-workflow-main/Sprime-workflow-main/tools/sprime.jar, /public/group_data_2023/xiaoyn/Data_map/GRCh37map/plink.all.GRch37.map
    output: sprime/CHS/chr15.score
    log: logs/CHS/sprime.15.log
    jobid: 58
    reason: Missing output files: sprime/CHS/chr15.score; Input files updated by another job: work/CHS/outgroup.txt, work/CHS/all.auto.vcf.gz
    wildcards: population=CHS, chrom=15
    resources: tmpdir=/tmp, mem_mb=8000, mem_mib=7630

[Wed Sep  9 22:31:03 2026]
localrule sprime:
    input: work/CHS/all.auto.vcf.gz, work/CHS/outgroup.txt, /public/group_data_2023/xiaoyn/Sprime-workflow-main/Sprime-workflow-main/tools/sprime.jar, /public/group_data_2023/xiaoyn/Data_map/GRCh37map/plink.all.GRch37.map
    output: sprime/CHS/chr13.score
    log: logs/CHS/sprime.13.log
    jobid: 54
    reason: Missing output files: sprime/CHS/chr13.score; Input files updated by another job: work/CHS/outgroup.txt, work/CHS/all.auto.vcf.gz
    wildcards: population=CHS, chrom=13
    resources: tmpdir=/tmp, mem_mb=8000, mem_mib=7630

[Wed Sep  9 22:31:03 2026]
localrule sprime:
    input: work/CHS/all.auto.vcf.gz, work/CHS/outgroup.txt, /public/group_data_2023/xiaoyn/Sprime-workflow-main/Sprime-workflow-main/tools/sprime.jar, /public/group_data_2023/xiaoyn/Data_map/GRCh37map/plink.all.GRch37.map
    output: sprime/CHS/chr5.score
    log: logs/CHS/sprime.5.log
    jobid: 38
    reason: Missing output files: sprime/CHS/chr5.score; Input files updated by another job: work/CHS/outgroup.txt, work/CHS/all.auto.vcf.gz
    wildcards: population=CHS, chrom=5
    resources: tmpdir=/tmp, mem_mb=8000, mem_mib=7630

[Wed Sep  9 22:31:03 2026]
localrule sprime:
    input: work/CHS/all.auto.vcf.gz, work/CHS/outgroup.txt, /public/group_data_2023/xiaoyn/Sprime-workflow-main/Sprime-workflow-main/tools/sprime.jar, /public/group_data_2023/xiaoyn/Data_map/GRCh37map/plink.all.GRch37.map
    output: sprime/CHS/chr14.score
    log: logs/CHS/sprime.14.log
    jobid: 56
    reason: Missing output files: sprime/CHS/chr14.score; Input files updated by another job: work/CHS/outgroup.txt, work/CHS/all.auto.vcf.gz
    wildcards: population=CHS, chrom=14
    resources: tmpdir=/tmp, mem_mb=8000, mem_mib=7630

[Wed Sep  9 22:31:03 2026]
localrule sprime:
    input: work/CHS/all.auto.vcf.gz, work/CHS/outgroup.txt, /public/group_data_2023/xiaoyn/Sprime-workflow-main/Sprime-workflow-main/tools/sprime.jar, /public/group_data_2023/xiaoyn/Data_map/GRCh37map/plink.all.GRch37.map
    output: sprime/CHS/chr6.score
    log: logs/CHS/sprime.6.log
    jobid: 40
    reason: Missing output files: sprime/CHS/chr6.score; Input files updated by another job: work/CHS/outgroup.txt, work/CHS/all.auto.vcf.gz
    wildcards: population=CHS, chrom=6
    resources: tmpdir=/tmp, mem_mb=8000, mem_mib=7630

[Wed Sep  9 22:31:03 2026]
localrule sprime:
    input: work/CHS/all.auto.vcf.gz, work/CHS/outgroup.txt, /public/group_data_2023/xiaoyn/Sprime-workflow-main/Sprime-workflow-main/tools/sprime.jar, /public/group_data_2023/xiaoyn/Data_map/GRCh37map/plink.all.GRch37.map
    output: sprime/CHS/chr16.score
    log: logs/CHS/sprime.16.log
    jobid: 60
    reason: Missing output files: sprime/CHS/chr16.score; Input files updated by another job: work/CHS/outgroup.txt, work/CHS/all.auto.vcf.gz
    wildcards: population=CHS, chrom=16
    resources: tmpdir=/tmp, mem_mb=8000, mem_mib=7630

[Wed Sep  9 22:31:03 2026]
localrule sprime:
    input: work/CHS/all.auto.vcf.gz, work/CHS/outgroup.txt, /public/group_data_2023/xiaoyn/Sprime-workflow-main/Sprime-workflow-main/tools/sprime.jar, /public/group_data_2023/xiaoyn/Data_map/GRCh37map/plink.all.GRch37.map
    output: sprime/CHS/chr11.score
    log: logs/CHS/sprime.11.log
    jobid: 50
    reason: Missing output files: sprime/CHS/chr11.score; Input files updated by another job: work/CHS/outgroup.txt, work/CHS/all.auto.vcf.gz
    wildcards: population=CHS, chrom=11
    resources: tmpdir=/tmp, mem_mb=8000, mem_mib=7630

[Wed Sep  9 22:34:06 2026]
Finished job 38.
26 of 147 steps (18%) done
Select jobs to execute...
Execute 1 jobs...

[Wed Sep  9 22:34:06 2026]
localrule sprime:
    input: work/CHS/all.auto.vcf.gz, work/CHS/outgroup.txt, /public/group_data_2023/xiaoyn/Sprime-workflow-main/Sprime-workflow-main/tools/sprime.jar, /public/group_data_2023/xiaoyn/Data_map/GRCh37map/plink.all.GRch37.map
    output: sprime/CHS/chr12.score
    log: logs/CHS/sprime.12.log
    jobid: 52
    reason: Missing output files: sprime/CHS/chr12.score; Input files updated by another job: work/CHS/outgroup.txt, work/CHS/all.auto.vcf.gz
    wildcards: population=CHS, chrom=12
    resources: tmpdir=/tmp, mem_mb=8000, mem_mib=7630

[Wed Sep  9 22:34:07 2026]
Finished job 56.
27 of 147 steps (18%) done
Select jobs to execute...
Execute 1 jobs...

[Wed Sep  9 22:34:08 2026]
localrule sprime:
    input: work/CHS/all.auto.vcf.gz, work/CHS/outgroup.txt, /public/group_data_2023/xiaoyn/Sprime-workflow-main/Sprime-workflow-main/tools/sprime.jar, /public/group_data_2023/xiaoyn/Data_map/GRCh37map/plink.all.GRch37.map
    output: sprime/CHS/chr2.score
    log: logs/CHS/sprime.2.log
    jobid: 32
    reason: Missing output files: sprime/CHS/chr2.score; Input files updated by another job: work/CHS/outgroup.txt, work/CHS/all.auto.vcf.gz
    wildcards: population=CHS, chrom=2
    resources: tmpdir=/tmp, mem_mb=8000, mem_mib=7630

[Wed Sep  9 22:34:08 2026]
Finished job 72.
28 of 147 steps (19%) done
Select jobs to execute...
Execute 1 jobs...

[Wed Sep  9 22:34:08 2026]
localrule sprime:
    input: work/CHS/all.auto.vcf.gz, work/CHS/outgroup.txt, /public/group_data_2023/xiaoyn/Sprime-workflow-main/Sprime-workflow-main/tools/sprime.jar, /public/group_data_2023/xiaoyn/Data_map/GRCh37map/plink.all.GRch37.map
    output: sprime/CHS/chr20.score
    log: logs/CHS/sprime.20.log
    jobid: 68
    reason: Missing output files: sprime/CHS/chr20.score; Input files updated by another job: work/CHS/outgroup.txt, work/CHS/all.auto.vcf.gz
    wildcards: population=CHS, chrom=20
    resources: tmpdir=/tmp, mem_mb=8000, mem_mib=7630

[Wed Sep  9 22:34:09 2026]
Finished job 54.
29 of 147 steps (20%) done
Select jobs to execute...
Execute 1 jobs...

[Wed Sep  9 22:34:09 2026]
localrule sprime:
    input: work/CHS/all.auto.vcf.gz, work/CHS/outgroup.txt, /public/group_data_2023/xiaoyn/Sprime-workflow-main/Sprime-workflow-main/tools/sprime.jar, /public/group_data_2023/xiaoyn/Data_map/GRCh37map/plink.all.GRch37.map
    output: sprime/CHS/chr18.score
    log: logs/CHS/sprime.18.log
    jobid: 64
    reason: Missing output files: sprime/CHS/chr18.score; Input files updated by another job: work/CHS/outgroup.txt, work/CHS/all.auto.vcf.gz
    wildcards: population=CHS, chrom=18
    resources: tmpdir=/tmp, mem_mb=8000, mem_mib=7630

[Wed Sep  9 22:34:12 2026]
Finished job 58.
30 of 147 steps (20%) done
Select jobs to execute...
Execute 1 jobs...

[Wed Sep  9 22:34:12 2026]
localrule sprime:
    input: work/CHS/all.auto.vcf.gz, work/CHS/outgroup.txt, /public/group_data_2023/xiaoyn/Sprime-workflow-main/Sprime-workflow-main/tools/sprime.jar, /public/group_data_2023/xiaoyn/Data_map/GRCh37map/plink.all.GRch37.map
    output: sprime/CHS/chr1.score
    log: logs/CHS/sprime.1.log
    jobid: 4
    reason: Missing output files: sprime/CHS/chr1.score; Input files updated by another job: work/CHS/outgroup.txt, work/CHS/all.auto.vcf.gz
    wildcards: population=CHS, chrom=1
    resources: tmpdir=/tmp, mem_mb=8000, mem_mib=7630

[Wed Sep  9 22:34:19 2026]
Finished job 60.
31 of 147 steps (21%) done
Select jobs to execute...
Execute 1 jobs...

[Wed Sep  9 22:34:19 2026]
localrule sprime:
    input: work/CHS/all.auto.vcf.gz, work/CHS/outgroup.txt, /public/group_data_2023/xiaoyn/Sprime-workflow-main/Sprime-workflow-main/tools/sprime.jar, /public/group_data_2023/xiaoyn/Data_map/GRCh37map/plink.all.GRch37.map
    output: sprime/CHS/chr21.score
    log: logs/CHS/sprime.21.log
    jobid: 70
    reason: Missing output files: sprime/CHS/chr21.score; Input files updated by another job: work/CHS/outgroup.txt, work/CHS/all.auto.vcf.gz
    wildcards: population=CHS, chrom=21
    resources: tmpdir=/tmp, mem_mb=8000, mem_mib=7630

[Wed Sep  9 22:34:19 2026]
Finished job 40.
32 of 147 steps (22%) done
Select jobs to execute...
Execute 1 jobs...

[Wed Sep  9 22:34:19 2026]
localrule sprime:
    input: work/CHS/all.auto.vcf.gz, work/CHS/outgroup.txt, /public/group_data_2023/xiaoyn/Sprime-workflow-main/Sprime-workflow-main/tools/sprime.jar, /public/group_data_2023/xiaoyn/Data_map/GRCh37map/plink.all.GRch37.map
    output: sprime/CHS/chr17.score
    log: logs/CHS/sprime.17.log
    jobid: 62
    reason: Missing output files: sprime/CHS/chr17.score; Input files updated by another job: work/CHS/outgroup.txt, work/CHS/all.auto.vcf.gz
    wildcards: population=CHS, chrom=17
    resources: tmpdir=/tmp, mem_mb=8000, mem_mib=7630

[Wed Sep  9 22:34:28 2026]
Finished job 50.
33 of 147 steps (22%) done
Select jobs to execute...
Execute 1 jobs...

[Wed Sep  9 22:34:28 2026]
localrule sprime:
    input: work/CHS/all.auto.vcf.gz, work/CHS/outgroup.txt, /public/group_data_2023/xiaoyn/Sprime-workflow-main/Sprime-workflow-main/tools/sprime.jar, /public/group_data_2023/xiaoyn/Data_map/GRCh37map/plink.all.GRch37.map
    output: sprime/CHS/chr3.score
    log: logs/CHS/sprime.3.log
    jobid: 34
    reason: Missing output files: sprime/CHS/chr3.score; Input files updated by another job: work/CHS/outgroup.txt, work/CHS/all.auto.vcf.gz
    wildcards: population=CHS, chrom=3
    resources: tmpdir=/tmp, mem_mb=8000, mem_mib=7630

[Wed Sep  9 22:37:10 2026]
Finished job 68.
34 of 147 steps (23%) done
Select jobs to execute...
Execute 1 jobs...

[Wed Sep  9 22:37:10 2026]
localrule sprime:
    input: work/CHS/all.auto.vcf.gz, work/CHS/outgroup.txt, /public/group_data_2023/xiaoyn/Sprime-workflow-main/Sprime-workflow-main/tools/sprime.jar, /public/group_data_2023/xiaoyn/Data_map/GRCh37map/plink.all.GRch37.map
    output: sprime/CHS/chr10.score
    log: logs/CHS/sprime.10.log
    jobid: 48
    reason: Missing output files: sprime/CHS/chr10.score; Input files updated by another job: work/CHS/outgroup.txt, work/CHS/all.auto.vcf.gz
    wildcards: population=CHS, chrom=10
    resources: tmpdir=/tmp, mem_mb=8000, mem_mib=7630

[Wed Sep  9 22:37:13 2026]
Finished job 4.
35 of 147 steps (24%) done
Select jobs to execute...
Execute 1 jobs...

[Wed Sep  9 22:37:13 2026]
localrule sprime:
    input: work/CHS/all.auto.vcf.gz, work/CHS/outgroup.txt, /public/group_data_2023/xiaoyn/Sprime-workflow-main/Sprime-workflow-main/tools/sprime.jar, /public/group_data_2023/xiaoyn/Data_map/GRCh37map/plink.all.GRch37.map
    output: sprime/CHS/chr9.score
    log: logs/CHS/sprime.9.log
    jobid: 46
    reason: Missing output files: sprime/CHS/chr9.score; Input files updated by another job: work/CHS/outgroup.txt, work/CHS/all.auto.vcf.gz
    wildcards: population=CHS, chrom=9
    resources: tmpdir=/tmp, mem_mb=8000, mem_mib=7630

[Wed Sep  9 22:37:14 2026]
Finished job 70.
36 of 147 steps (24%) done
Select jobs to execute...
Execute 1 jobs...

[Wed Sep  9 22:37:14 2026]
localrule sprime:
    input: work/CHS/all.auto.vcf.gz, work/CHS/outgroup.txt, /public/group_data_2023/xiaoyn/Sprime-workflow-main/Sprime-workflow-main/tools/sprime.jar, /public/group_data_2023/xiaoyn/Data_map/GRCh37map/plink.all.GRch37.map
    output: sprime/CHS/chr19.score
    log: logs/CHS/sprime.19.log
    jobid: 66
    reason: Missing output files: sprime/CHS/chr19.score; Input files updated by another job: work/CHS/outgroup.txt, work/CHS/all.auto.vcf.gz
    wildcards: population=CHS, chrom=19
    resources: tmpdir=/tmp, mem_mb=8000, mem_mib=7630

[Wed Sep  9 22:37:16 2026]
Finished job 64.
37 of 147 steps (25%) done
Select jobs to execute...
Execute 1 jobs...

[Wed Sep  9 22:37:16 2026]
localrule sprime:
    input: work/CHS/all.auto.vcf.gz, work/CHS/outgroup.txt, /public/group_data_2023/xiaoyn/Sprime-workflow-main/Sprime-workflow-main/tools/sprime.jar, /public/group_data_2023/xiaoyn/Data_map/GRCh37map/plink.all.GRch37.map
    output: sprime/CHS/chr7.score
    log: logs/CHS/sprime.7.log
    jobid: 42
    reason: Missing output files: sprime/CHS/chr7.score; Input files updated by another job: work/CHS/outgroup.txt, work/CHS/all.auto.vcf.gz
    wildcards: population=CHS, chrom=7
    resources: tmpdir=/tmp, mem_mb=8000, mem_mib=7630

[Wed Sep  9 22:37:20 2026]
Finished job 52.
38 of 147 steps (26%) done
Select jobs to execute...
Execute 1 jobs...

[Wed Sep  9 22:37:20 2026]
localrule sprime:
    input: work/CHS/all.auto.vcf.gz, work/CHS/outgroup.txt, /public/group_data_2023/xiaoyn/Sprime-workflow-main/Sprime-workflow-main/tools/sprime.jar, /public/group_data_2023/xiaoyn/Data_map/GRCh37map/plink.all.GRch37.map
    output: sprime/CHS/chr4.score
    log: logs/CHS/sprime.4.log
    jobid: 36
    reason: Missing output files: sprime/CHS/chr4.score; Input files updated by another job: work/CHS/outgroup.txt, work/CHS/all.auto.vcf.gz
    wildcards: population=CHS, chrom=4
    resources: tmpdir=/tmp, mem_mb=8000, mem_mib=7630

[Wed Sep  9 22:37:24 2026]
Finished job 32.
39 of 147 steps (27%) done
Select jobs to execute...
Execute 1 jobs...

[Wed Sep  9 22:37:24 2026]
localrule sprime:
    input: work/CHS/all.auto.vcf.gz, work/CHS/outgroup.txt, /public/group_data_2023/xiaoyn/Sprime-workflow-main/Sprime-workflow-main/tools/sprime.jar, /public/group_data_2023/xiaoyn/Data_map/GRCh37map/plink.all.GRch37.map
    output: sprime/CHS/chr8.score
    log: logs/CHS/sprime.8.log
    jobid: 44
    reason: Missing output files: sprime/CHS/chr8.score; Input files updated by another job: work/CHS/outgroup.txt, work/CHS/all.auto.vcf.gz
    wildcards: population=CHS, chrom=8
    resources: tmpdir=/tmp, mem_mb=8000, mem_mib=7630

[Wed Sep  9 22:37:26 2026]
Finished job 34.
40 of 147 steps (27%) done
Select jobs to execute...
Waiting for more resources.
[Wed Sep  9 22:37:28 2026]
Finished job 62.
41 of 147 steps (28%) done
Execute 1 jobs...

[Wed Sep  9 22:37:28 2026]
localrule archaic_match:
    input: sprime/CHS/chr22.score, /public/group_data_2023/xiaoyn/Sprime-workflow-main/Sprime-workflow-main/tools/map_arch/map_arch, /public/group_data_2023/xiaoyn/Data_Nean/Data_Altai_16/gz/chr22.vcf.gz, /public/group_data_2023/xiaoyn/Data_Nean/Data_Altai_16/FilterBed/chr22_mask.bed.gz
    output: archaic_match/CHS/altai_nean/chr22.mscore
    log: logs/CHS/match.altai_nean.22.log
    jobid: 71
    reason: Missing output files: archaic_match/CHS/altai_nean/chr22.mscore; Input files updated by another job: sprime/CHS/chr22.score
    wildcards: population=CHS, ref=altai_nean, chrom=22
    resources: tmpdir=/tmp, mem_mb=16000, mem_mib=15259

[Wed Sep  9 22:38:16 2026]
Finished job 71.
42 of 147 steps (29%) done
Select jobs to execute...
Execute 1 jobs...

[Wed Sep  9 22:38:16 2026]
localrule archaic_match:
    input: sprime/CHS/chr17.score, /public/group_data_2023/xiaoyn/Sprime-workflow-main/Sprime-workflow-main/tools/map_arch/map_arch, /public/group_data_2023/xiaoyn/Data_Denisovan/Denisovan/chr_17.vcf.gz, /public/group_data_2023/xiaoyn/Data_Denisovan/Denisovan/FilterBed/chr17_mask.bed.gz
    output: archaic_match/CHS/denisovan3/chr17.mscore
    log: logs/CHS/match.denisovan3.17.log
    jobid: 89
    reason: Missing output files: archaic_match/CHS/denisovan3/chr17.mscore; Input files updated by another job: sprime/CHS/chr17.score
    wildcards: population=CHS, ref=denisovan3, chrom=17
    resources: tmpdir=/tmp, mem_mb=16000, mem_mib=15259

[Wed Sep  9 22:39:45 2026]
Finished job 89.
43 of 147 steps (29%) done
Select jobs to execute...
Execute 1 jobs...

[Wed Sep  9 22:39:45 2026]
localrule archaic_match:
    input: sprime/CHS/chr12.score, /public/group_data_2023/xiaoyn/Sprime-workflow-main/Sprime-workflow-main/tools/map_arch/map_arch, /public/group_data_2023/xiaoyn/Data_Nean/Data_Altai_16/gz/chr12.vcf.gz, /public/group_data_2023/xiaoyn/Data_Nean/Data_Altai_16/FilterBed/chr12_mask.bed.gz
    output: archaic_match/CHS/altai_nean/chr12.mscore
    log: logs/CHS/match.altai_nean.12.log
    jobid: 51
    reason: Missing output files: archaic_match/CHS/altai_nean/chr12.mscore; Input files updated by another job: sprime/CHS/chr12.score
    wildcards: population=CHS, ref=altai_nean, chrom=12
    resources: tmpdir=/tmp, mem_mb=16000, mem_mib=15259

[Wed Sep  9 22:40:02 2026]
Finished job 66.
44 of 147 steps (30%) done
Select jobs to execute...
Waiting for more resources.
[Wed Sep  9 22:40:06 2026]
Finished job 48.
45 of 147 steps (31%) done
Execute 1 jobs...

[Wed Sep  9 22:40:06 2026]
localrule archaic_match:
    input: sprime/CHS/chr10.score, /public/group_data_2023/xiaoyn/Sprime-workflow-main/Sprime-workflow-main/tools/map_arch/map_arch, /public/group_data_2023/xiaoyn/Data_Denisovan/Denisovan/chr_10.vcf.gz, /public/group_data_2023/xiaoyn/Data_Denisovan/Denisovan/FilterBed/chr10_mask.bed.gz
    output: archaic_match/CHS/denisovan3/chr10.mscore
    log: logs/CHS/match.denisovan3.10.log
    jobid: 82
    reason: Missing output files: archaic_match/CHS/denisovan3/chr10.mscore; Input files updated by another job: sprime/CHS/chr10.score
    wildcards: population=CHS, ref=denisovan3, chrom=10
    resources: tmpdir=/tmp, mem_mb=16000, mem_mib=15259

[Wed Sep  9 22:40:10 2026]
Finished job 36.
46 of 147 steps (31%) done
Select jobs to execute...
Waiting for more resources.
[Wed Sep  9 22:40:11 2026]
Finished job 42.
47 of 147 steps (32%) done
Execute 1 jobs...

[Wed Sep  9 22:40:11 2026]
localrule archaic_match:
    input: sprime/CHS/chr19.score, /public/group_data_2023/xiaoyn/Sprime-workflow-main/Sprime-workflow-main/tools/map_arch/map_arch, /public/group_data_2023/xiaoyn/Data_Nean/Data_Altai_16/gz/chr19.vcf.gz, /public/group_data_2023/xiaoyn/Data_Nean/Data_Altai_16/FilterBed/chr19_mask.bed.gz
    output: archaic_match/CHS/altai_nean/chr19.mscore
    log: logs/CHS/match.altai_nean.19.log
    jobid: 65
    reason: Missing output files: archaic_match/CHS/altai_nean/chr19.mscore; Input files updated by another job: sprime/CHS/chr19.score
    wildcards: population=CHS, ref=altai_nean, chrom=19
    resources: tmpdir=/tmp, mem_mb=16000, mem_mib=15259

[Wed Sep  9 22:40:14 2026]
Finished job 44.
48 of 147 steps (33%) done
Select jobs to execute...
Waiting for more resources.
[Wed Sep  9 22:40:38 2026]
Finished job 46.
49 of 147 steps (33%) done
Execute 1 jobs...

[Wed Sep  9 22:40:38 2026]
localrule archaic_match:
    input: sprime/CHS/chr3.score, /public/group_data_2023/xiaoyn/Sprime-workflow-main/Sprime-workflow-main/tools/map_arch/map_arch, /public/group_data_2023/xiaoyn/Data_Nean/Data_Altai_16/gz/chr3.vcf.gz, /public/group_data_2023/xiaoyn/Data_Nean/Data_Altai_16/FilterBed/chr3_mask.bed.gz
    output: archaic_match/CHS/altai_nean/chr3.mscore
    log: logs/CHS/match.altai_nean.3.log
    jobid: 33
    reason: Missing output files: archaic_match/CHS/altai_nean/chr3.mscore; Input files updated by another job: sprime/CHS/chr3.score
    wildcards: population=CHS, ref=altai_nean, chrom=3
    resources: tmpdir=/tmp, mem_mb=16000, mem_mib=15259

[Wed Sep  9 22:40:44 2026]
Finished job 65.
50 of 147 steps (34%) done
Select jobs to execute...
Execute 1 jobs...

[Wed Sep  9 22:40:44 2026]
localrule archaic_match:
    input: sprime/CHS/chr9.score, /public/group_data_2023/xiaoyn/Sprime-workflow-main/Sprime-workflow-main/tools/map_arch/map_arch, /public/group_data_2023/wangc/Data/Archaic_data/denisova25/chr9.Den25.L35MQ25.B30.map35_100.vcf.gz, /public/group_data_2023/wangc/Data/Archaic_data/denisova25/FilterBed/Denisova25.chr9.hg19.L35MQ25.map35_100.GCcov.noSimpleRepeat.noIndel.min10x.bed.gz
    output: archaic_match/CHS/denisovan25/chr9.mscore
    log: logs/CHS/match.denisovan25.9.log
    jobid: 103
    reason: Missing output files: archaic_match/CHS/denisovan25/chr9.mscore; Input files updated by another job: sprime/CHS/chr9.score
    wildcards: population=CHS, ref=denisovan25, chrom=9
    resources: tmpdir=/tmp, mem_mb=16000, mem_mib=15259

[Wed Sep  9 22:41:23 2026]
Finished job 51.
51 of 147 steps (35%) done
Select jobs to execute...
Execute 1 jobs...

[Wed Sep  9 22:41:23 2026]
localrule archaic_match:
    input: sprime/CHS/chr16.score, /public/group_data_2023/xiaoyn/Sprime-workflow-main/Sprime-workflow-main/tools/map_arch/map_arch, /public/group_data_2023/wangc/Data/Archaic_data/denisova25/chr16.Den25.L35MQ25.B30.map35_100.vcf.gz, /public/group_data_2023/wangc/Data/Archaic_data/denisova25/FilterBed/Denisova25.chr16.hg19.L35MQ25.map35_100.GCcov.noSimpleRepeat.noIndel.min10x.bed.gz
    output: archaic_match/CHS/denisovan25/chr16.mscore
    log: logs/CHS/match.denisovan25.16.log
    jobid: 110
    reason: Missing output files: archaic_match/CHS/denisovan25/chr16.mscore; Input files updated by another job: sprime/CHS/chr16.score
    wildcards: population=CHS, ref=denisovan25, chrom=16
    resources: tmpdir=/tmp, mem_mb=16000, mem_mib=15259

[Wed Sep  9 22:41:41 2026]
Finished job 82.
52 of 147 steps (35%) done
Select jobs to execute...
Execute 1 jobs...

[Wed Sep  9 22:41:41 2026]
localrule archaic_match:
    input: sprime/CHS/chr2.score, /public/group_data_2023/xiaoyn/Sprime-workflow-main/Sprime-workflow-main/tools/map_arch/map_arch, /public/group_data_2023/wangc/Data/Archaic_data/denisova25/chr2.Den25.L35MQ25.B30.map35_100.vcf.gz, /public/group_data_2023/wangc/Data/Archaic_data/denisova25/FilterBed/Denisova25.chr2.hg19.L35MQ25.map35_100.GCcov.noSimpleRepeat.noIndel.min10x.bed.gz
    output: archaic_match/CHS/denisovan25/chr2.mscore
    log: logs/CHS/match.denisovan25.2.log
    jobid: 96
    reason: Missing output files: archaic_match/CHS/denisovan25/chr2.mscore; Input files updated by another job: sprime/CHS/chr2.score
    wildcards: population=CHS, ref=denisovan25, chrom=2
    resources: tmpdir=/tmp, mem_mb=16000, mem_mib=15259

[Wed Sep  9 22:42:05 2026]
Finished job 103.
53 of 147 steps (36%) done
Select jobs to execute...
Execute 1 jobs...

[Wed Sep  9 22:42:05 2026]
localrule archaic_match:
    input: sprime/CHS/chr11.score, /public/group_data_2023/xiaoyn/Sprime-workflow-main/Sprime-workflow-main/tools/map_arch/map_arch, /public/group_data_2023/xiaoyn/Data_Nean/Data_Altai_16/gz/chr11.vcf.gz, /public/group_data_2023/xiaoyn/Data_Nean/Data_Altai_16/FilterBed/chr11_mask.bed.gz
    output: archaic_match/CHS/altai_nean/chr11.mscore
    log: logs/CHS/match.altai_nean.11.log
    jobid: 49
    reason: Missing output files: archaic_match/CHS/altai_nean/chr11.mscore; Input files updated by another job: sprime/CHS/chr11.score
    wildcards: population=CHS, ref=altai_nean, chrom=11
    resources: tmpdir=/tmp, mem_mb=16000, mem_mib=15259

[Wed Sep  9 22:42:15 2026]
Finished job 110.
54 of 147 steps (37%) done
Select jobs to execute...
Execute 1 jobs...

[Wed Sep  9 22:42:15 2026]
localrule archaic_match:
    input: sprime/CHS/chr4.score, /public/group_data_2023/xiaoyn/Sprime-workflow-main/Sprime-workflow-main/tools/map_arch/map_arch, /public/group_data_2023/xiaoyn/Data_Denisovan/Denisovan/chr_4.vcf.gz, /public/group_data_2023/xiaoyn/Data_Denisovan/Denisovan/FilterBed/chr4_mask.bed.gz
    output: archaic_match/CHS/denisovan3/chr4.mscore
    log: logs/CHS/match.denisovan3.4.log
    jobid: 76
    reason: Missing output files: archaic_match/CHS/denisovan3/chr4.mscore; Input files updated by another job: sprime/CHS/chr4.score
    wildcards: population=CHS, ref=denisovan3, chrom=4
    resources: tmpdir=/tmp, mem_mb=16000, mem_mib=15259

[Wed Sep  9 22:43:08 2026]
Finished job 33.
55 of 147 steps (37%) done
Select jobs to execute...
Execute 1 jobs...

[Wed Sep  9 22:43:08 2026]
localrule archaic_match:
    input: sprime/CHS/chr18.score, /public/group_data_2023/xiaoyn/Sprime-workflow-main/Sprime-workflow-main/tools/map_arch/map_arch, /public/group_data_2023/xiaoyn/Data_Nean/Data_Altai_16/gz/chr18.vcf.gz, /public/group_data_2023/xiaoyn/Data_Nean/Data_Altai_16/FilterBed/chr18_mask.bed.gz
    output: archaic_match/CHS/altai_nean/chr18.mscore
    log: logs/CHS/match.altai_nean.18.log
    jobid: 63
    reason: Missing output files: archaic_match/CHS/altai_nean/chr18.mscore; Input files updated by another job: sprime/CHS/chr18.score
    wildcards: population=CHS, ref=altai_nean, chrom=18
    resources: tmpdir=/tmp, mem_mb=16000, mem_mib=15259

[Wed Sep  9 22:43:42 2026]
Finished job 49.
56 of 147 steps (38%) done
Select jobs to execute...
Execute 1 jobs...

[Wed Sep  9 22:43:42 2026]
localrule archaic_match:
    input: sprime/CHS/chr17.score, /public/group_data_2023/xiaoyn/Sprime-workflow-main/Sprime-workflow-main/tools/map_arch/map_arch, /public/group_data_2023/wangc/Data/Archaic_data/denisova25/chr17.Den25.L35MQ25.B30.map35_100.vcf.gz, /public/group_data_2023/wangc/Data/Archaic_data/denisova25/FilterBed/Denisova25.chr17.hg19.L35MQ25.map35_100.GCcov.noSimpleRepeat.noIndel.min10x.bed.gz
    output: archaic_match/CHS/denisovan25/chr17.mscore
    log: logs/CHS/match.denisovan25.17.log
    jobid: 111
    reason: Missing output files: archaic_match/CHS/denisovan25/chr17.mscore; Input files updated by another job: sprime/CHS/chr17.score
    wildcards: population=CHS, ref=denisovan25, chrom=17
    resources: tmpdir=/tmp, mem_mb=16000, mem_mib=15259

[Wed Sep  9 22:44:07 2026]
Finished job 63.
57 of 147 steps (39%) done
Select jobs to execute...
Execute 1 jobs...

[Wed Sep  9 22:44:07 2026]
localrule archaic_match:
    input: sprime/CHS/chr3.score, /public/group_data_2023/xiaoyn/Sprime-workflow-main/Sprime-workflow-main/tools/map_arch/map_arch, /public/group_data_2023/xiaoyn/Data_Denisovan/Denisovan/chr_3.vcf.gz, /public/group_data_2023/xiaoyn/Data_Denisovan/Denisovan/FilterBed/chr3_mask.bed.gz
    output: archaic_match/CHS/denisovan3/chr3.mscore
    log: logs/CHS/match.denisovan3.3.log
    jobid: 75
    reason: Missing output files: archaic_match/CHS/denisovan3/chr3.mscore; Input files updated by another job: sprime/CHS/chr3.score
    wildcards: population=CHS, ref=denisovan3, chrom=3
    resources: tmpdir=/tmp, mem_mb=16000, mem_mib=15259

[Wed Sep  9 22:44:33 2026]
Finished job 111.
58 of 147 steps (39%) done
Select jobs to execute...
Execute 1 jobs...

[Wed Sep  9 22:44:33 2026]
localrule archaic_match:
    input: sprime/CHS/chr4.score, /public/group_data_2023/xiaoyn/Sprime-workflow-main/Sprime-workflow-main/tools/map_arch/map_arch, /public/group_data_2023/xiaoyn/Data_Nean/Data_Altai_16/gz/chr4.vcf.gz, /public/group_data_2023/xiaoyn/Data_Nean/Data_Altai_16/FilterBed/chr4_mask.bed.gz
    output: archaic_match/CHS/altai_nean/chr4.mscore
    log: logs/CHS/match.altai_nean.4.log
    jobid: 35
    reason: Missing output files: archaic_match/CHS/altai_nean/chr4.mscore; Input files updated by another job: sprime/CHS/chr4.score
    wildcards: population=CHS, ref=altai_nean, chrom=4
    resources: tmpdir=/tmp, mem_mb=16000, mem_mib=15259

[Wed Sep  9 22:44:37 2026]
Finished job 76.
59 of 147 steps (40%) done
Select jobs to execute...
Execute 1 jobs...

[Wed Sep  9 22:44:37 2026]
localrule archaic_match:
    input: sprime/CHS/chr9.score, /public/group_data_2023/xiaoyn/Sprime-workflow-main/Sprime-workflow-main/tools/map_arch/map_arch, /public/group_data_2023/xiaoyn/Data_Denisovan/Denisovan/chr_9.vcf.gz, /public/group_data_2023/xiaoyn/Data_Denisovan/Denisovan/FilterBed/chr9_mask.bed.gz
    output: archaic_match/CHS/denisovan3/chr9.mscore
    log: logs/CHS/match.denisovan3.9.log
    jobid: 81
    reason: Missing output files: archaic_match/CHS/denisovan3/chr9.mscore; Input files updated by another job: sprime/CHS/chr9.score
    wildcards: population=CHS, ref=denisovan3, chrom=9
    resources: tmpdir=/tmp, mem_mb=16000, mem_mib=15259

[Wed Sep  9 22:44:41 2026]
Finished job 96.
60 of 147 steps (41%) done
Select jobs to execute...
Execute 1 jobs...

[Wed Sep  9 22:44:41 2026]
localrule archaic_match:
    input: sprime/CHS/chr10.score, /public/group_data_2023/xiaoyn/Sprime-workflow-main/Sprime-workflow-main/tools/map_arch/map_arch, /public/group_data_2023/wangc/Data/Archaic_data/denisova25/chr10.Den25.L35MQ25.B30.map35_100.vcf.gz, /public/group_data_2023/wangc/Data/Archaic_data/denisova25/FilterBed/Denisova25.chr10.hg19.L35MQ25.map35_100.GCcov.noSimpleRepeat.noIndel.min10x.bed.gz
    output: archaic_match/CHS/denisovan25/chr10.mscore
    log: logs/CHS/match.denisovan25.10.log
    jobid: 104
    reason: Missing output files: archaic_match/CHS/denisovan25/chr10.mscore; Input files updated by another job: sprime/CHS/chr10.score
    wildcards: population=CHS, ref=denisovan25, chrom=10
    resources: tmpdir=/tmp, mem_mb=16000, mem_mib=15259

[Wed Sep  9 22:46:05 2026]
Finished job 81.
61 of 147 steps (41%) done
Select jobs to execute...
Execute 1 jobs...

[Wed Sep  9 22:46:05 2026]
localrule archaic_match:
    input: sprime/CHS/chr15.score, /public/group_data_2023/xiaoyn/Sprime-workflow-main/Sprime-workflow-main/tools/map_arch/map_arch, /public/group_data_2023/xiaoyn/Data_Nean/Data_Altai_16/gz/chr15.vcf.gz, /public/group_data_2023/xiaoyn/Data_Nean/Data_Altai_16/FilterBed/chr15_mask.bed.gz
    output: archaic_match/CHS/altai_nean/chr15.mscore
    log: logs/CHS/match.altai_nean.15.log
    jobid: 57
    reason: Missing output files: archaic_match/CHS/altai_nean/chr15.mscore; Input files updated by another job: sprime/CHS/chr15.score
    wildcards: population=CHS, ref=altai_nean, chrom=15
    resources: tmpdir=/tmp, mem_mb=16000, mem_mib=15259

[Wed Sep  9 22:46:15 2026]
Finished job 104.
62 of 147 steps (42%) done
Select jobs to execute...
Execute 1 jobs...

[Wed Sep  9 22:46:15 2026]
localrule archaic_match:
    input: sprime/CHS/chr8.score, /public/group_data_2023/xiaoyn/Sprime-workflow-main/Sprime-workflow-main/tools/map_arch/map_arch, /public/group_data_2023/xiaoyn/Data_Nean/Data_Altai_16/gz/chr8.vcf.gz, /public/group_data_2023/xiaoyn/Data_Nean/Data_Altai_16/FilterBed/chr8_mask.bed.gz
    output: archaic_match/CHS/altai_nean/chr8.mscore
    log: logs/CHS/match.altai_nean.8.log
    jobid: 43
    reason: Missing output files: archaic_match/CHS/altai_nean/chr8.mscore; Input files updated by another job: sprime/CHS/chr8.score
    wildcards: population=CHS, ref=altai_nean, chrom=8
    resources: tmpdir=/tmp, mem_mb=16000, mem_mib=15259

[Wed Sep  9 22:46:35 2026]
Finished job 75.
63 of 147 steps (43%) done
Select jobs to execute...
Execute 1 jobs...

[Wed Sep  9 22:46:35 2026]
localrule archaic_match:
    input: sprime/CHS/chr19.score, /public/group_data_2023/xiaoyn/Sprime-workflow-main/Sprime-workflow-main/tools/map_arch/map_arch, /public/group_data_2023/wangc/Data/Archaic_data/denisova25/chr19.Den25.L35MQ25.B30.map35_100.vcf.gz, /public/group_data_2023/wangc/Data/Archaic_data/denisova25/FilterBed/Denisova25.chr19.hg19.L35MQ25.map35_100.GCcov.noSimpleRepeat.noIndel.min10x.bed.gz
    output: archaic_match/CHS/denisovan25/chr19.mscore
    log: logs/CHS/match.denisovan25.19.log
    jobid: 113
    reason: Missing output files: archaic_match/CHS/denisovan25/chr19.mscore; Input files updated by another job: sprime/CHS/chr19.score
    wildcards: population=CHS, ref=denisovan25, chrom=19
    resources: tmpdir=/tmp, mem_mb=16000, mem_mib=15259

[Wed Sep  9 22:46:56 2026]
Finished job 35.
64 of 147 steps (44%) done
Select jobs to execute...
Execute 1 jobs...

[Wed Sep  9 22:46:56 2026]
localrule archaic_match:
    input: sprime/CHS/chr18.score, /public/group_data_2023/xiaoyn/Sprime-workflow-main/Sprime-workflow-main/tools/map_arch/map_arch, /public/group_data_2023/xiaoyn/Data_Denisovan/Denisovan/chr_18.vcf.gz, /public/group_data_2023/xiaoyn/Data_Denisovan/Denisovan/FilterBed/chr18_mask.bed.gz
    output: archaic_match/CHS/denisovan3/chr18.mscore
    log: logs/CHS/match.denisovan3.18.log
    jobid: 90
    reason: Missing output files: archaic_match/CHS/denisovan3/chr18.mscore; Input files updated by another job: sprime/CHS/chr18.score
    wildcards: population=CHS, ref=denisovan3, chrom=18
    resources: tmpdir=/tmp, mem_mb=16000, mem_mib=15259

[Wed Sep  9 22:47:06 2026]
Finished job 57.
65 of 147 steps (44%) done
Select jobs to execute...
Execute 1 jobs...

[Wed Sep  9 22:47:06 2026]
localrule archaic_match:
    input: sprime/CHS/chr3.score, /public/group_data_2023/xiaoyn/Sprime-workflow-main/Sprime-workflow-main/tools/map_arch/map_arch, /public/group_data_2023/wangc/Data/Archaic_data/denisova25/chr3.Den25.L35MQ25.B30.map35_100.vcf.gz, /public/group_data_2023/wangc/Data/Archaic_data/denisova25/FilterBed/Denisova25.chr3.hg19.L35MQ25.map35_100.GCcov.noSimpleRepeat.noIndel.min10x.bed.gz
    output: archaic_match/CHS/denisovan25/chr3.mscore
    log: logs/CHS/match.denisovan25.3.log
    jobid: 97
    reason: Missing output files: archaic_match/CHS/denisovan25/chr3.mscore; Input files updated by another job: sprime/CHS/chr3.score
    wildcards: population=CHS, ref=denisovan25, chrom=3
    resources: tmpdir=/tmp, mem_mb=16000, mem_mib=15259

[Wed Sep  9 22:47:07 2026]
Finished job 113.
66 of 147 steps (45%) done
Select jobs to execute...
Execute 1 jobs...

[Wed Sep  9 22:47:07 2026]
localrule archaic_match:
    input: sprime/CHS/chr11.score, /public/group_data_2023/xiaoyn/Sprime-workflow-main/Sprime-workflow-main/tools/map_arch/map_arch, /public/group_data_2023/xiaoyn/Data_Denisovan/Denisovan/chr_11.vcf.gz, /public/group_data_2023/xiaoyn/Data_Denisovan/Denisovan/FilterBed/chr11_mask.bed.gz
    output: archaic_match/CHS/denisovan3/chr11.mscore
    log: logs/CHS/match.denisovan3.11.log
    jobid: 83
    reason: Missing output files: archaic_match/CHS/denisovan3/chr11.mscore; Input files updated by another job: sprime/CHS/chr11.score
    wildcards: population=CHS, ref=denisovan3, chrom=11
    resources: tmpdir=/tmp, mem_mb=16000, mem_mib=15259

[Wed Sep  9 22:48:00 2026]
Finished job 90.
67 of 147 steps (46%) done
Select jobs to execute...
Execute 1 jobs...

[Wed Sep  9 22:48:00 2026]
localrule archaic_match:
    input: sprime/CHS/chr16.score, /public/group_data_2023/xiaoyn/Sprime-workflow-main/Sprime-workflow-main/tools/map_arch/map_arch, /public/group_data_2023/xiaoyn/Data_Denisovan/Denisovan/chr_16.vcf.gz, /public/group_data_2023/xiaoyn/Data_Denisovan/Denisovan/FilterBed/chr16_mask.bed.gz
    output: archaic_match/CHS/denisovan3/chr16.mscore
    log: logs/CHS/match.denisovan3.16.log
    jobid: 88
    reason: Missing output files: archaic_match/CHS/denisovan3/chr16.mscore; Input files updated by another job: sprime/CHS/chr16.score
    wildcards: population=CHS, ref=denisovan3, chrom=16
    resources: tmpdir=/tmp, mem_mb=16000, mem_mib=15259

[Wed Sep  9 22:48:15 2026]
Finished job 43.
68 of 147 steps (46%) done
Select jobs to execute...
Execute 1 jobs...

[Wed Sep  9 22:48:15 2026]
localrule archaic_match:
    input: sprime/CHS/chr12.score, /public/group_data_2023/xiaoyn/Sprime-workflow-main/Sprime-workflow-main/tools/map_arch/map_arch, /public/group_data_2023/wangc/Data/Archaic_data/denisova25/chr12.Den25.L35MQ25.B30.map35_100.vcf.gz, /public/group_data_2023/wangc/Data/Archaic_data/denisova25/FilterBed/Denisova25.chr12.hg19.L35MQ25.map35_100.GCcov.noSimpleRepeat.noIndel.min10x.bed.gz
    output: archaic_match/CHS/denisovan25/chr12.mscore
    log: logs/CHS/match.denisovan25.12.log
    jobid: 106
    reason: Missing output files: archaic_match/CHS/denisovan25/chr12.mscore; Input files updated by another job: sprime/CHS/chr12.score
    wildcards: population=CHS, ref=denisovan25, chrom=12
    resources: tmpdir=/tmp, mem_mb=16000, mem_mib=15259

[Wed Sep  9 22:48:56 2026]
Finished job 83.
69 of 147 steps (47%) done
Select jobs to execute...
Execute 1 jobs...

[Wed Sep  9 22:48:56 2026]
localrule archaic_match:
    input: sprime/CHS/chr1.score, /public/group_data_2023/xiaoyn/Sprime-workflow-main/Sprime-workflow-main/tools/map_arch/map_arch, /public/group_data_2023/wangc/Data/Archaic_data/denisova25/chr1.Den25.L35MQ25.B30.map35_100.vcf.gz, /public/group_data_2023/wangc/Data/Archaic_data/denisova25/FilterBed/Denisova25.chr1.hg19.L35MQ25.map35_100.GCcov.noSimpleRepeat.noIndel.min10x.bed.gz
    output: archaic_match/CHS/denisovan25/chr1.mscore
    log: logs/CHS/match.denisovan25.1.log
    jobid: 95
    reason: Missing output files: archaic_match/CHS/denisovan25/chr1.mscore; Input files updated by another job: sprime/CHS/chr1.score
    wildcards: population=CHS, ref=denisovan25, chrom=1
    resources: tmpdir=/tmp, mem_mb=16000, mem_mib=15259

[Wed Sep  9 22:49:00 2026]
Finished job 88.
70 of 147 steps (48%) done
Select jobs to execute...
Execute 1 jobs...

[Wed Sep  9 22:49:00 2026]
localrule archaic_match:
    input: sprime/CHS/chr5.score, /public/group_data_2023/xiaoyn/Sprime-workflow-main/Sprime-workflow-main/tools/map_arch/map_arch, /public/group_data_2023/xiaoyn/Data_Denisovan/Denisovan/chr_5.vcf.gz, /public/group_data_2023/xiaoyn/Data_Denisovan/Denisovan/FilterBed/chr5_mask.bed.gz
    output: archaic_match/CHS/denisovan3/chr5.mscore
    log: logs/CHS/match.denisovan3.5.log
    jobid: 77
    reason: Missing output files: archaic_match/CHS/denisovan3/chr5.mscore; Input files updated by another job: sprime/CHS/chr5.score
    wildcards: population=CHS, ref=denisovan3, chrom=5
    resources: tmpdir=/tmp, mem_mb=16000, mem_mib=15259

[Wed Sep  9 22:49:50 2026]
Finished job 97.
71 of 147 steps (48%) done
Select jobs to execute...
Execute 1 jobs...

[Wed Sep  9 22:49:50 2026]
localrule archaic_match:
    input: sprime/CHS/chr8.score, /public/group_data_2023/xiaoyn/Sprime-workflow-main/Sprime-workflow-main/tools/map_arch/map_arch, /public/group_data_2023/wangc/Data/Archaic_data/denisova25/chr8.Den25.L35MQ25.B30.map35_100.vcf.gz, /public/group_data_2023/wangc/Data/Archaic_data/denisova25/FilterBed/Denisova25.chr8.hg19.L35MQ25.map35_100.GCcov.noSimpleRepeat.noIndel.min10x.bed.gz
    output: archaic_match/CHS/denisovan25/chr8.mscore
    log: logs/CHS/match.denisovan25.8.log
    jobid: 102
    reason: Missing output files: archaic_match/CHS/denisovan25/chr8.mscore; Input files updated by another job: sprime/CHS/chr8.score
    wildcards: population=CHS, ref=denisovan25, chrom=8
    resources: tmpdir=/tmp, mem_mb=16000, mem_mib=15259

[Wed Sep  9 22:49:52 2026]
Finished job 106.
72 of 147 steps (49%) done
Select jobs to execute...
Execute 1 jobs...

[Wed Sep  9 22:49:52 2026]
localrule archaic_match:
    input: sprime/CHS/chr20.score, /public/group_data_2023/xiaoyn/Sprime-workflow-main/Sprime-workflow-main/tools/map_arch/map_arch, /public/group_data_2023/xiaoyn/Data_Nean/Data_Altai_16/gz/chr20.vcf.gz, /public/group_data_2023/xiaoyn/Data_Nean/Data_Altai_16/FilterBed/chr20_mask.bed.gz
    output: archaic_match/CHS/altai_nean/chr20.mscore
    log: logs/CHS/match.altai_nean.20.log
    jobid: 67
    reason: Missing output files: archaic_match/CHS/altai_nean/chr20.mscore; Input files updated by another job: sprime/CHS/chr20.score
    wildcards: population=CHS, ref=altai_nean, chrom=20
    resources: tmpdir=/tmp, mem_mb=16000, mem_mib=15259

[Wed Sep  9 22:50:38 2026]
Finished job 67.
73 of 147 steps (50%) done
Select jobs to execute...
Execute 1 jobs...

[Wed Sep  9 22:50:38 2026]
localrule archaic_match:
    input: sprime/CHS/chr2.score, /public/group_data_2023/xiaoyn/Sprime-workflow-main/Sprime-workflow-main/tools/map_arch/map_arch, /public/group_data_2023/xiaoyn/Data_Nean/Data_Altai_16/gz/chr2.vcf.gz, /public/group_data_2023/xiaoyn/Data_Nean/Data_Altai_16/FilterBed/chr2_mask.bed.gz
    output: archaic_match/CHS/altai_nean/chr2.mscore
    log: logs/CHS/match.altai_nean.2.log
    jobid: 31
    reason: Missing output files: archaic_match/CHS/altai_nean/chr2.mscore; Input files updated by another job: sprime/CHS/chr2.score
    wildcards: population=CHS, ref=altai_nean, chrom=2
    resources: tmpdir=/tmp, mem_mb=16000, mem_mib=15259

[Wed Sep  9 22:51:07 2026]
Finished job 77.
74 of 147 steps (50%) done
Select jobs to execute...
Execute 1 jobs...

[Wed Sep  9 22:51:07 2026]
localrule archaic_match:
    input: sprime/CHS/chr13.score, /public/group_data_2023/xiaoyn/Sprime-workflow-main/Sprime-workflow-main/tools/map_arch/map_arch, /public/group_data_2023/xiaoyn/Data_Nean/Data_Altai_16/gz/chr13.vcf.gz, /public/group_data_2023/xiaoyn/Data_Nean/Data_Altai_16/FilterBed/chr13_mask.bed.gz
    output: archaic_match/CHS/altai_nean/chr13.mscore
    log: logs/CHS/match.altai_nean.13.log
    jobid: 53
    reason: Missing output files: archaic_match/CHS/altai_nean/chr13.mscore; Input files updated by another job: sprime/CHS/chr13.score
    wildcards: population=CHS, ref=altai_nean, chrom=13
    resources: tmpdir=/tmp, mem_mb=16000, mem_mib=15259

[Wed Sep  9 22:51:34 2026]
Finished job 102.
75 of 147 steps (51%) done
Select jobs to execute...
Execute 1 jobs...

[Wed Sep  9 22:51:34 2026]
localrule archaic_match:
    input: sprime/CHS/chr15.score, /public/group_data_2023/xiaoyn/Sprime-workflow-main/Sprime-workflow-main/tools/map_arch/map_arch, /public/group_data_2023/wangc/Data/Archaic_data/denisova25/chr15.Den25.L35MQ25.B30.map35_100.vcf.gz, /public/group_data_2023/wangc/Data/Archaic_data/denisova25/FilterBed/Denisova25.chr15.hg19.L35MQ25.map35_100.GCcov.noSimpleRepeat.noIndel.min10x.bed.gz
    output: archaic_match/CHS/denisovan25/chr15.mscore
    log: logs/CHS/match.denisovan25.15.log
    jobid: 109
    reason: Missing output files: archaic_match/CHS/denisovan25/chr15.mscore; Input files updated by another job: sprime/CHS/chr15.score
    wildcards: population=CHS, ref=denisovan25, chrom=15
    resources: tmpdir=/tmp, mem_mb=16000, mem_mib=15259

[Wed Sep  9 22:51:37 2026]
Finished job 95.
76 of 147 steps (52%) done
Select jobs to execute...
Execute 1 jobs...

[Wed Sep  9 22:51:37 2026]
localrule archaic_match:
    input: sprime/CHS/chr6.score, /public/group_data_2023/xiaoyn/Sprime-workflow-main/Sprime-workflow-main/tools/map_arch/map_arch, /public/group_data_2023/xiaoyn/Data_Nean/Data_Altai_16/gz/chr6.vcf.gz, /public/group_data_2023/xiaoyn/Data_Nean/Data_Altai_16/FilterBed/chr6_mask.bed.gz
    output: archaic_match/CHS/altai_nean/chr6.mscore
    log: logs/CHS/match.altai_nean.6.log
    jobid: 39
    reason: Missing output files: archaic_match/CHS/altai_nean/chr6.mscore; Input files updated by another job: sprime/CHS/chr6.score
    wildcards: population=CHS, ref=altai_nean, chrom=6
    resources: tmpdir=/tmp, mem_mb=16000, mem_mib=15259

[Wed Sep  9 22:52:20 2026]
Finished job 53.
77 of 147 steps (52%) done
Select jobs to execute...
Execute 1 jobs...

[Wed Sep  9 22:52:20 2026]
localrule archaic_match:
    input: sprime/CHS/chr13.score, /public/group_data_2023/xiaoyn/Sprime-workflow-main/Sprime-workflow-main/tools/map_arch/map_arch, /public/group_data_2023/xiaoyn/Data_Denisovan/Denisovan/chr_13.vcf.gz, /public/group_data_2023/xiaoyn/Data_Denisovan/Denisovan/FilterBed/chr13_mask.bed.gz
    output: archaic_match/CHS/denisovan3/chr13.mscore
    log: logs/CHS/match.denisovan3.13.log
    jobid: 85
    reason: Missing output files: archaic_match/CHS/denisovan3/chr13.mscore; Input files updated by another job: sprime/CHS/chr13.score
    wildcards: population=CHS, ref=denisovan3, chrom=13
    resources: tmpdir=/tmp, mem_mb=16000, mem_mib=15259

[Wed Sep  9 22:52:30 2026]
Finished job 109.
78 of 147 steps (53%) done
Select jobs to execute...
Execute 1 jobs...

[Wed Sep  9 22:52:30 2026]
localrule archaic_match:
    input: sprime/CHS/chr6.score, /public/group_data_2023/xiaoyn/Sprime-workflow-main/Sprime-workflow-main/tools/map_arch/map_arch, /public/group_data_2023/xiaoyn/Data_Denisovan/Denisovan/chr_6.vcf.gz, /public/group_data_2023/xiaoyn/Data_Denisovan/Denisovan/FilterBed/chr6_mask.bed.gz
    output: archaic_match/CHS/denisovan3/chr6.mscore
    log: logs/CHS/match.denisovan3.6.log
    jobid: 78
    reason: Missing output files: archaic_match/CHS/denisovan3/chr6.mscore; Input files updated by another job: sprime/CHS/chr6.score
    wildcards: population=CHS, ref=denisovan3, chrom=6
    resources: tmpdir=/tmp, mem_mb=16000, mem_mib=15259

[Wed Sep  9 22:53:33 2026]
Finished job 85.
79 of 147 steps (54%) done
Select jobs to execute...
Execute 1 jobs...

[Wed Sep  9 22:53:33 2026]
localrule archaic_match:
    input: sprime/CHS/chr20.score, /public/group_data_2023/xiaoyn/Sprime-workflow-main/Sprime-workflow-main/tools/map_arch/map_arch, /public/group_data_2023/wangc/Data/Archaic_data/denisova25/chr20.Den25.L35MQ25.B30.map35_100.vcf.gz, /public/group_data_2023/wangc/Data/Archaic_data/denisova25/FilterBed/Denisova25.chr20.hg19.L35MQ25.map35_100.GCcov.noSimpleRepeat.noIndel.min10x.bed.gz
    output: archaic_match/CHS/denisovan25/chr20.mscore
    log: logs/CHS/match.denisovan25.20.log
    jobid: 114
    reason: Missing output files: archaic_match/CHS/denisovan25/chr20.mscore; Input files updated by another job: sprime/CHS/chr20.score
    wildcards: population=CHS, ref=denisovan25, chrom=20
    resources: tmpdir=/tmp, mem_mb=16000, mem_mib=15259

[Wed Sep  9 22:53:39 2026]
Finished job 31.
80 of 147 steps (54%) done
Select jobs to execute...
Execute 1 jobs...

[Wed Sep  9 22:53:39 2026]
localrule archaic_match:
    input: sprime/CHS/chr13.score, /public/group_data_2023/xiaoyn/Sprime-workflow-main/Sprime-workflow-main/tools/map_arch/map_arch, /public/group_data_2023/wangc/Data/Archaic_data/denisova25/chr13.Den25.L35MQ25.B30.map35_100.vcf.gz, /public/group_data_2023/wangc/Data/Archaic_data/denisova25/FilterBed/Denisova25.chr13.hg19.L35MQ25.map35_100.GCcov.noSimpleRepeat.noIndel.min10x.bed.gz
    output: archaic_match/CHS/denisovan25/chr13.mscore
    log: logs/CHS/match.denisovan25.13.log
    jobid: 107
    reason: Missing output files: archaic_match/CHS/denisovan25/chr13.mscore; Input files updated by another job: sprime/CHS/chr13.score
    wildcards: population=CHS, ref=denisovan25, chrom=13
    resources: tmpdir=/tmp, mem_mb=16000, mem_mib=15259

[Wed Sep  9 22:53:40 2026]
Finished job 39.
81 of 147 steps (55%) done
Select jobs to execute...
Execute 1 jobs...

[Wed Sep  9 22:53:40 2026]
localrule archaic_match:
    input: sprime/CHS/chr6.score, /public/group_data_2023/xiaoyn/Sprime-workflow-main/Sprime-workflow-main/tools/map_arch/map_arch, /public/group_data_2023/wangc/Data/Archaic_data/denisova25/chr6.Den25.L35MQ25.B30.map35_100.vcf.gz, /public/group_data_2023/wangc/Data/Archaic_data/denisova25/FilterBed/Denisova25.chr6.hg19.L35MQ25.map35_100.GCcov.noSimpleRepeat.noIndel.min10x.bed.gz
    output: archaic_match/CHS/denisovan25/chr6.mscore
    log: logs/CHS/match.denisovan25.6.log
    jobid: 100
    reason: Missing output files: archaic_match/CHS/denisovan25/chr6.mscore; Input files updated by another job: sprime/CHS/chr6.score
    wildcards: population=CHS, ref=denisovan25, chrom=6
    resources: tmpdir=/tmp, mem_mb=16000, mem_mib=15259

[Wed Sep  9 22:54:17 2026]
Finished job 114.
82 of 147 steps (56%) done
Select jobs to execute...
Execute 1 jobs...

[Wed Sep  9 22:54:17 2026]
localrule archaic_match:
    input: sprime/CHS/chr21.score, /public/group_data_2023/xiaoyn/Sprime-workflow-main/Sprime-workflow-main/tools/map_arch/map_arch, /public/group_data_2023/xiaoyn/Data_Denisovan/Denisovan/chr_21.vcf.gz, /public/group_data_2023/xiaoyn/Data_Denisovan/Denisovan/FilterBed/chr21_mask.bed.gz
    output: archaic_match/CHS/denisovan3/chr21.mscore
    log: logs/CHS/match.denisovan3.21.log
    jobid: 93
    reason: Missing output files: archaic_match/CHS/denisovan3/chr21.mscore; Input files updated by another job: sprime/CHS/chr21.score
    wildcards: population=CHS, ref=denisovan3, chrom=21
    resources: tmpdir=/tmp, mem_mb=16000, mem_mib=15259

[Wed Sep  9 22:54:34 2026]
Finished job 78.
83 of 147 steps (56%) done
Select jobs to execute...
Execute 1 jobs...

[Wed Sep  9 22:54:34 2026]
localrule archaic_match:
    input: sprime/CHS/chr14.score, /public/group_data_2023/xiaoyn/Sprime-workflow-main/Sprime-workflow-main/tools/map_arch/map_arch, /public/group_data_2023/xiaoyn/Data_Denisovan/Denisovan/chr_14.vcf.gz, /public/group_data_2023/xiaoyn/Data_Denisovan/Denisovan/FilterBed/chr14_mask.bed.gz
    output: archaic_match/CHS/denisovan3/chr14.mscore
    log: logs/CHS/match.denisovan3.14.log
    jobid: 86
    reason: Missing output files: archaic_match/CHS/denisovan3/chr14.mscore; Input files updated by another job: sprime/CHS/chr14.score
    wildcards: population=CHS, ref=denisovan3, chrom=14
    resources: tmpdir=/tmp, mem_mb=16000, mem_mib=15259

[Wed Sep  9 22:54:42 2026]
Finished job 93.
84 of 147 steps (57%) done
Select jobs to execute...
Execute 1 jobs...

[Wed Sep  9 22:54:42 2026]
localrule archaic_match:
    input: sprime/CHS/chr7.score, /public/group_data_2023/xiaoyn/Sprime-workflow-main/Sprime-workflow-main/tools/map_arch/map_arch, /public/group_data_2023/xiaoyn/Data_Denisovan/Denisovan/chr_7.vcf.gz, /public/group_data_2023/xiaoyn/Data_Denisovan/Denisovan/FilterBed/chr7_mask.bed.gz
    output: archaic_match/CHS/denisovan3/chr7.mscore
    log: logs/CHS/match.denisovan3.7.log
    jobid: 79
    reason: Missing output files: archaic_match/CHS/denisovan3/chr7.mscore; Input files updated by another job: sprime/CHS/chr7.score
    wildcards: population=CHS, ref=denisovan3, chrom=7
    resources: tmpdir=/tmp, mem_mb=16000, mem_mib=15259

[Wed Sep  9 22:54:50 2026]
Finished job 107.
85 of 147 steps (58%) done
Select jobs to execute...
Execute 1 jobs...

[Wed Sep  9 22:54:50 2026]
localrule archaic_match:
    input: sprime/CHS/chr1.score, /public/group_data_2023/xiaoyn/Sprime-workflow-main/Sprime-workflow-main/tools/map_arch/map_arch, /public/group_data_2023/xiaoyn/Data_Denisovan/Denisovan/chr_1.vcf.gz, /public/group_data_2023/xiaoyn/Data_Denisovan/Denisovan/FilterBed/chr1_mask.bed.gz
    output: archaic_match/CHS/denisovan3/chr1.mscore
    log: logs/CHS/match.denisovan3.1.log
    jobid: 73
    reason: Missing output files: archaic_match/CHS/denisovan3/chr1.mscore; Input files updated by another job: sprime/CHS/chr1.score
    wildcards: population=CHS, ref=denisovan3, chrom=1
    resources: tmpdir=/tmp, mem_mb=16000, mem_mib=15259

[Wed Sep  9 22:55:37 2026]
Finished job 86.
86 of 147 steps (59%) done
Select jobs to execute...
Execute 1 jobs...

[Wed Sep  9 22:55:37 2026]
localrule archaic_match:
    input: sprime/CHS/chr16.score, /public/group_data_2023/xiaoyn/Sprime-workflow-main/Sprime-workflow-main/tools/map_arch/map_arch, /public/group_data_2023/xiaoyn/Data_Nean/Data_Altai_16/gz/chr16.vcf.gz, /public/group_data_2023/xiaoyn/Data_Nean/Data_Altai_16/FilterBed/chr16_mask.bed.gz
    output: archaic_match/CHS/altai_nean/chr16.mscore
    log: logs/CHS/match.altai_nean.16.log
    jobid: 59
    reason: Missing output files: archaic_match/CHS/altai_nean/chr16.mscore; Input files updated by another job: sprime/CHS/chr16.score
    wildcards: population=CHS, ref=altai_nean, chrom=16
    resources: tmpdir=/tmp, mem_mb=16000, mem_mib=15259

[Wed Sep  9 22:55:43 2026]
Finished job 100.
87 of 147 steps (59%) done
Select jobs to execute...
Execute 1 jobs...

[Wed Sep  9 22:55:43 2026]
localrule archaic_match:
    input: sprime/CHS/chr21.score, /public/group_data_2023/xiaoyn/Sprime-workflow-main/Sprime-workflow-main/tools/map_arch/map_arch, /public/group_data_2023/wangc/Data/Archaic_data/denisova25/chr21.Den25.L35MQ25.B30.map35_100.vcf.gz, /public/group_data_2023/wangc/Data/Archaic_data/denisova25/FilterBed/Denisova25.chr21.hg19.L35MQ25.map35_100.GCcov.noSimpleRepeat.noIndel.min10x.bed.gz
    output: archaic_match/CHS/denisovan25/chr21.mscore
    log: logs/CHS/match.denisovan25.21.log
    jobid: 115
    reason: Missing output files: archaic_match/CHS/denisovan25/chr21.mscore; Input files updated by another job: sprime/CHS/chr21.score
    wildcards: population=CHS, ref=denisovan25, chrom=21
    resources: tmpdir=/tmp, mem_mb=16000, mem_mib=15259

[Wed Sep  9 22:56:08 2026]
Finished job 115.
88 of 147 steps (60%) done
Select jobs to execute...
Execute 1 jobs...

[Wed Sep  9 22:56:08 2026]
localrule archaic_match:
    input: sprime/CHS/chr9.score, /public/group_data_2023/xiaoyn/Sprime-workflow-main/Sprime-workflow-main/tools/map_arch/map_arch, /public/group_data_2023/xiaoyn/Data_Nean/Data_Altai_16/gz/chr9.vcf.gz, /public/group_data_2023/xiaoyn/Data_Nean/Data_Altai_16/FilterBed/chr9_mask.bed.gz
    output: archaic_match/CHS/altai_nean/chr9.mscore
    log: logs/CHS/match.altai_nean.9.log
    jobid: 45
    reason: Missing output files: archaic_match/CHS/altai_nean/chr9.mscore; Input files updated by another job: sprime/CHS/chr9.score
    wildcards: population=CHS, ref=altai_nean, chrom=9
    resources: tmpdir=/tmp, mem_mb=16000, mem_mib=15259

[Wed Sep  9 22:56:28 2026]
Finished job 79.
89 of 147 steps (61%) done
Select jobs to execute...
Execute 1 jobs...

[Wed Sep  9 22:56:28 2026]
localrule archaic_match:
    input: sprime/CHS/chr1.score, /public/group_data_2023/xiaoyn/Sprime-workflow-main/Sprime-workflow-main/tools/map_arch/map_arch, /public/group_data_2023/xiaoyn/Data_Nean/Data_Altai_16/gz/chr1.vcf.gz, /public/group_data_2023/xiaoyn/Data_Nean/Data_Altai_16/FilterBed/chr1_mask.bed.gz
    output: archaic_match/CHS/altai_nean/chr1.mscore
    log: logs/CHS/match.altai_nean.1.log
    jobid: 3
    reason: Missing output files: archaic_match/CHS/altai_nean/chr1.mscore; Input files updated by another job: sprime/CHS/chr1.score
    wildcards: population=CHS, ref=altai_nean, chrom=1
    resources: tmpdir=/tmp, mem_mb=16000, mem_mib=15259

[Wed Sep  9 22:56:31 2026]
Finished job 59.
90 of 147 steps (61%) done
Select jobs to execute...
Execute 1 jobs...

[Wed Sep  9 22:56:31 2026]
localrule archaic_match:
    input: sprime/CHS/chr14.score, /public/group_data_2023/xiaoyn/Sprime-workflow-main/Sprime-workflow-main/tools/map_arch/map_arch, /public/group_data_2023/wangc/Data/Archaic_data/denisova25/chr14.Den25.L35MQ25.B30.map35_100.vcf.gz, /public/group_data_2023/wangc/Data/Archaic_data/denisova25/FilterBed/Denisova25.chr14.hg19.L35MQ25.map35_100.GCcov.noSimpleRepeat.noIndel.min10x.bed.gz
    output: archaic_match/CHS/denisovan25/chr14.mscore
    log: logs/CHS/match.denisovan25.14.log
    jobid: 108
    reason: Missing output files: archaic_match/CHS/denisovan25/chr14.mscore; Input files updated by another job: sprime/CHS/chr14.score
    wildcards: population=CHS, ref=denisovan25, chrom=14
    resources: tmpdir=/tmp, mem_mb=16000, mem_mib=15259

[Wed Sep  9 22:57:27 2026]
Finished job 73.
91 of 147 steps (62%) done
Select jobs to execute...
Execute 1 jobs...

[Wed Sep  9 22:57:27 2026]
localrule archaic_match:
    input: sprime/CHS/chr7.score, /public/group_data_2023/xiaoyn/Sprime-workflow-main/Sprime-workflow-main/tools/map_arch/map_arch, /public/group_data_2023/wangc/Data/Archaic_data/denisova25/chr7.Den25.L35MQ25.B30.map35_100.vcf.gz, /public/group_data_2023/wangc/Data/Archaic_data/denisova25/FilterBed/Denisova25.chr7.hg19.L35MQ25.map35_100.GCcov.noSimpleRepeat.noIndel.min10x.bed.gz
    output: archaic_match/CHS/denisovan25/chr7.mscore
    log: logs/CHS/match.denisovan25.7.log
    jobid: 101
    reason: Missing output files: archaic_match/CHS/denisovan25/chr7.mscore; Input files updated by another job: sprime/CHS/chr7.score
    wildcards: population=CHS, ref=denisovan25, chrom=7
    resources: tmpdir=/tmp, mem_mb=16000, mem_mib=15259

[Wed Sep  9 22:57:31 2026]
Finished job 45.
92 of 147 steps (63%) done
Select jobs to execute...
Execute 1 jobs...

[Wed Sep  9 22:57:31 2026]
localrule archaic_match:
    input: sprime/CHS/chr22.score, /public/group_data_2023/xiaoyn/Sprime-workflow-main/Sprime-workflow-main/tools/map_arch/map_arch, /public/group_data_2023/xiaoyn/Data_Denisovan/Denisovan/chr_22.vcf.gz, /public/group_data_2023/xiaoyn/Data_Denisovan/Denisovan/FilterBed/chr22_mask.bed.gz
    output: archaic_match/CHS/denisovan3/chr22.mscore
    log: logs/CHS/match.denisovan3.22.log
    jobid: 94
    reason: Missing output files: archaic_match/CHS/denisovan3/chr22.mscore; Input files updated by another job: sprime/CHS/chr22.score
    wildcards: population=CHS, ref=denisovan3, chrom=22
    resources: tmpdir=/tmp, mem_mb=16000, mem_mib=15259

[Wed Sep  9 22:57:34 2026]
Finished job 108.
93 of 147 steps (63%) done
Select jobs to execute...
Execute 1 jobs...

[Wed Sep  9 22:57:34 2026]
localrule archaic_match:
    input: sprime/CHS/chr15.score, /public/group_data_2023/xiaoyn/Sprime-workflow-main/Sprime-workflow-main/tools/map_arch/map_arch, /public/group_data_2023/xiaoyn/Data_Denisovan/Denisovan/chr_15.vcf.gz, /public/group_data_2023/xiaoyn/Data_Denisovan/Denisovan/FilterBed/chr15_mask.bed.gz
    output: archaic_match/CHS/denisovan3/chr15.mscore
    log: logs/CHS/match.denisovan3.15.log
    jobid: 87
    reason: Missing output files: archaic_match/CHS/denisovan3/chr15.mscore; Input files updated by another job: sprime/CHS/chr15.score
    wildcards: population=CHS, ref=denisovan3, chrom=15
    resources: tmpdir=/tmp, mem_mb=16000, mem_mib=15259

[Wed Sep  9 22:57:55 2026]
Finished job 94.
94 of 147 steps (64%) done
Select jobs to execute...
Execute 1 jobs...

[Wed Sep  9 22:57:55 2026]
localrule archaic_match:
    input: sprime/CHS/chr22.score, /public/group_data_2023/xiaoyn/Sprime-workflow-main/Sprime-workflow-main/tools/map_arch/map_arch, /public/group_data_2023/wangc/Data/Archaic_data/denisova25/chr22.Den25.L35MQ25.B30.map35_100.vcf.gz, /public/group_data_2023/wangc/Data/Archaic_data/denisova25/FilterBed/Denisova25.chr22.hg19.L35MQ25.map35_100.GCcov.noSimpleRepeat.noIndel.min10x.bed.gz
    output: archaic_match/CHS/denisovan25/chr22.mscore
    log: logs/CHS/match.denisovan25.22.log
    jobid: 116
    reason: Missing output files: archaic_match/CHS/denisovan25/chr22.mscore; Input files updated by another job: sprime/CHS/chr22.score
    wildcards: population=CHS, ref=denisovan25, chrom=22
    resources: tmpdir=/tmp, mem_mb=16000, mem_mib=15259

[Wed Sep  9 22:58:18 2026]
Finished job 116.
95 of 147 steps (65%) done
Select jobs to execute...
Execute 1 jobs...

[Wed Sep  9 22:58:18 2026]
localrule archaic_match:
    input: sprime/CHS/chr10.score, /public/group_data_2023/xiaoyn/Sprime-workflow-main/Sprime-workflow-main/tools/map_arch/map_arch, /public/group_data_2023/xiaoyn/Data_Nean/Data_Altai_16/gz/chr10.vcf.gz, /public/group_data_2023/xiaoyn/Data_Nean/Data_Altai_16/FilterBed/chr10_mask.bed.gz
    output: archaic_match/CHS/altai_nean/chr10.mscore
    log: logs/CHS/match.altai_nean.10.log
    jobid: 47
    reason: Missing output files: archaic_match/CHS/altai_nean/chr10.mscore; Input files updated by another job: sprime/CHS/chr10.score
    wildcards: population=CHS, ref=altai_nean, chrom=10
    resources: tmpdir=/tmp, mem_mb=16000, mem_mib=15259

[Wed Sep  9 22:58:31 2026]
Finished job 87.
96 of 147 steps (65%) done
Select jobs to execute...
Execute 1 jobs...

[Wed Sep  9 22:58:31 2026]
localrule archaic_match:
    input: sprime/CHS/chr21.score, /public/group_data_2023/xiaoyn/Sprime-workflow-main/Sprime-workflow-main/tools/map_arch/map_arch, /public/group_data_2023/xiaoyn/Data_Nean/Data_Altai_16/gz/chr21.vcf.gz, /public/group_data_2023/xiaoyn/Data_Nean/Data_Altai_16/FilterBed/chr21_mask.bed.gz
    output: archaic_match/CHS/altai_nean/chr21.mscore
    log: logs/CHS/match.altai_nean.21.log
    jobid: 69
    reason: Missing output files: archaic_match/CHS/altai_nean/chr21.mscore; Input files updated by another job: sprime/CHS/chr21.score
    wildcards: population=CHS, ref=altai_nean, chrom=21
    resources: tmpdir=/tmp, mem_mb=16000, mem_mib=15259

[Wed Sep  9 22:58:56 2026]
Finished job 69.
97 of 147 steps (66%) done
Select jobs to execute...
Execute 1 jobs...

[Wed Sep  9 22:58:57 2026]
localrule archaic_match:
    input: sprime/CHS/chr14.score, /public/group_data_2023/xiaoyn/Sprime-workflow-main/Sprime-workflow-main/tools/map_arch/map_arch, /public/group_data_2023/xiaoyn/Data_Nean/Data_Altai_16/gz/chr14.vcf.gz, /public/group_data_2023/xiaoyn/Data_Nean/Data_Altai_16/FilterBed/chr14_mask.bed.gz
    output: archaic_match/CHS/altai_nean/chr14.mscore
    log: logs/CHS/match.altai_nean.14.log
    jobid: 55
    reason: Missing output files: archaic_match/CHS/altai_nean/chr14.mscore; Input files updated by another job: sprime/CHS/chr14.score
    wildcards: population=CHS, ref=altai_nean, chrom=14
    resources: tmpdir=/tmp, mem_mb=16000, mem_mib=15259

[Wed Sep  9 22:59:10 2026]
Finished job 3.
98 of 147 steps (67%) done
Select jobs to execute...
Execute 1 jobs...

[Wed Sep  9 22:59:10 2026]
localrule archaic_match:
    input: sprime/CHS/chr7.score, /public/group_data_2023/xiaoyn/Sprime-workflow-main/Sprime-workflow-main/tools/map_arch/map_arch, /public/group_data_2023/xiaoyn/Data_Nean/Data_Altai_16/gz/chr7.vcf.gz, /public/group_data_2023/xiaoyn/Data_Nean/Data_Altai_16/FilterBed/chr7_mask.bed.gz
    output: archaic_match/CHS/altai_nean/chr7.mscore
    log: logs/CHS/match.altai_nean.7.log
    jobid: 41
    reason: Missing output files: archaic_match/CHS/altai_nean/chr7.mscore; Input files updated by another job: sprime/CHS/chr7.score
    wildcards: population=CHS, ref=altai_nean, chrom=7
    resources: tmpdir=/tmp, mem_mb=16000, mem_mib=15259

[Wed Sep  9 22:59:12 2026]
Finished job 101.
99 of 147 steps (67%) done
Select jobs to execute...
Execute 1 jobs...

[Wed Sep  9 22:59:12 2026]
localrule archaic_match:
    input: sprime/CHS/chr5.score, /public/group_data_2023/xiaoyn/Sprime-workflow-main/Sprime-workflow-main/tools/map_arch/map_arch, /public/group_data_2023/xiaoyn/Data_Nean/Data_Altai_16/gz/chr5.vcf.gz, /public/group_data_2023/xiaoyn/Data_Nean/Data_Altai_16/FilterBed/chr5_mask.bed.gz
    output: archaic_match/CHS/altai_nean/chr5.mscore
    log: logs/CHS/match.altai_nean.5.log
    jobid: 37
    reason: Missing output files: archaic_match/CHS/altai_nean/chr5.mscore; Input files updated by another job: sprime/CHS/chr5.score
    wildcards: population=CHS, ref=altai_nean, chrom=5
    resources: tmpdir=/tmp, mem_mb=16000, mem_mib=15259

[Wed Sep  9 22:59:53 2026]
Finished job 47.
100 of 147 steps (68%) done
Select jobs to execute...
Execute 1 jobs...

[Wed Sep  9 22:59:53 2026]
localrule archaic_match:
    input: sprime/CHS/chr5.score, /public/group_data_2023/xiaoyn/Sprime-workflow-main/Sprime-workflow-main/tools/map_arch/map_arch, /public/group_data_2023/wangc/Data/Archaic_data/denisova25/chr5.Den25.L35MQ25.B30.map35_100.vcf.gz, /public/group_data_2023/wangc/Data/Archaic_data/denisova25/FilterBed/Denisova25.chr5.hg19.L35MQ25.map35_100.GCcov.noSimpleRepeat.noIndel.min10x.bed.gz
    output: archaic_match/CHS/denisovan25/chr5.mscore
    log: logs/CHS/match.denisovan25.5.log
    jobid: 99
    reason: Missing output files: archaic_match/CHS/denisovan25/chr5.mscore; Input files updated by another job: sprime/CHS/chr5.score
    wildcards: population=CHS, ref=denisovan25, chrom=5
    resources: tmpdir=/tmp, mem_mb=16000, mem_mib=15259

[Wed Sep  9 23:00:02 2026]
Finished job 55.
101 of 147 steps (69%) done
Select jobs to execute...
Execute 1 jobs...

[Wed Sep  9 23:00:02 2026]
localrule archaic_match:
    input: sprime/CHS/chr12.score, /public/group_data_2023/xiaoyn/Sprime-workflow-main/Sprime-workflow-main/tools/map_arch/map_arch, /public/group_data_2023/xiaoyn/Data_Denisovan/Denisovan/chr_12.vcf.gz, /public/group_data_2023/xiaoyn/Data_Denisovan/Denisovan/FilterBed/chr12_mask.bed.gz
    output: archaic_match/CHS/denisovan3/chr12.mscore
    log: logs/CHS/match.denisovan3.12.log
    jobid: 84
    reason: Missing output files: archaic_match/CHS/denisovan3/chr12.mscore; Input files updated by another job: sprime/CHS/chr12.score
    wildcards: population=CHS, ref=denisovan3, chrom=12
    resources: tmpdir=/tmp, mem_mb=16000, mem_mib=15259

[Wed Sep  9 23:00:58 2026]
Finished job 41.
102 of 147 steps (69%) done
Select jobs to execute...
Execute 1 jobs...

[Wed Sep  9 23:00:58 2026]
localrule archaic_match:
    input: sprime/CHS/chr19.score, /public/group_data_2023/xiaoyn/Sprime-workflow-main/Sprime-workflow-main/tools/map_arch/map_arch, /public/group_data_2023/xiaoyn/Data_Denisovan/Denisovan/chr_19.vcf.gz, /public/group_data_2023/xiaoyn/Data_Denisovan/Denisovan/FilterBed/chr19_mask.bed.gz
    output: archaic_match/CHS/denisovan3/chr19.mscore
    log: logs/CHS/match.denisovan3.19.log
    jobid: 91
    reason: Missing output files: archaic_match/CHS/denisovan3/chr19.mscore; Input files updated by another job: sprime/CHS/chr19.score
    wildcards: population=CHS, ref=denisovan3, chrom=19
    resources: tmpdir=/tmp, mem_mb=16000, mem_mib=15259

[Wed Sep  9 23:01:26 2026]
Finished job 37.
103 of 147 steps (70%) done
Select jobs to execute...
Execute 1 jobs...

[Wed Sep  9 23:01:26 2026]
localrule archaic_match:
    input: sprime/CHS/chr17.score, /public/group_data_2023/xiaoyn/Sprime-workflow-main/Sprime-workflow-main/tools/map_arch/map_arch, /public/group_data_2023/xiaoyn/Data_Nean/Data_Altai_16/gz/chr17.vcf.gz, /public/group_data_2023/xiaoyn/Data_Nean/Data_Altai_16/FilterBed/chr17_mask.bed.gz
    output: archaic_match/CHS/altai_nean/chr17.mscore
    log: logs/CHS/match.altai_nean.17.log
    jobid: 61
    reason: Missing output files: archaic_match/CHS/altai_nean/chr17.mscore; Input files updated by another job: sprime/CHS/chr17.score
    wildcards: population=CHS, ref=altai_nean, chrom=17
    resources: tmpdir=/tmp, mem_mb=16000, mem_mib=15259

[Wed Sep  9 23:01:29 2026]
Finished job 91.
104 of 147 steps (71%) done
Select jobs to execute...
Execute 1 jobs...

[Wed Sep  9 23:01:29 2026]
localrule archaic_match:
    input: sprime/CHS/chr4.score, /public/group_data_2023/xiaoyn/Sprime-workflow-main/Sprime-workflow-main/tools/map_arch/map_arch, /public/group_data_2023/wangc/Data/Archaic_data/denisova25/chr4.Den25.L35MQ25.B30.map35_100.vcf.gz, /public/group_data_2023/wangc/Data/Archaic_data/denisova25/FilterBed/Denisova25.chr4.hg19.L35MQ25.map35_100.GCcov.noSimpleRepeat.noIndel.min10x.bed.gz
    output: archaic_match/CHS/denisovan25/chr4.mscore
    log: logs/CHS/match.denisovan25.4.log
    jobid: 98
    reason: Missing output files: archaic_match/CHS/denisovan25/chr4.mscore; Input files updated by another job: sprime/CHS/chr4.score
    wildcards: population=CHS, ref=denisovan25, chrom=4
    resources: tmpdir=/tmp, mem_mb=16000, mem_mib=15259

[Wed Sep  9 23:01:34 2026]
Finished job 84.
105 of 147 steps (71%) done
Select jobs to execute...
Execute 1 jobs...

[Wed Sep  9 23:01:34 2026]
localrule archaic_match:
    input: sprime/CHS/chr2.score, /public/group_data_2023/xiaoyn/Sprime-workflow-main/Sprime-workflow-main/tools/map_arch/map_arch, /public/group_data_2023/xiaoyn/Data_Denisovan/Denisovan/chr_2.vcf.gz, /public/group_data_2023/xiaoyn/Data_Denisovan/Denisovan/FilterBed/chr2_mask.bed.gz
    output: archaic_match/CHS/denisovan3/chr2.mscore
    log: logs/CHS/match.denisovan3.2.log
    jobid: 74
    reason: Missing output files: archaic_match/CHS/denisovan3/chr2.mscore; Input files updated by another job: sprime/CHS/chr2.score
    wildcards: population=CHS, ref=denisovan3, chrom=2
    resources: tmpdir=/tmp, mem_mb=16000, mem_mib=15259

[Wed Sep  9 23:02:01 2026]
Finished job 99.
106 of 147 steps (72%) done
Select jobs to execute...
Execute 1 jobs...

[Wed Sep  9 23:02:01 2026]
localrule archaic_match:
    input: sprime/CHS/chr8.score, /public/group_data_2023/xiaoyn/Sprime-workflow-main/Sprime-workflow-main/tools/map_arch/map_arch, /public/group_data_2023/xiaoyn/Data_Denisovan/Denisovan/chr_8.vcf.gz, /public/group_data_2023/xiaoyn/Data_Denisovan/Denisovan/FilterBed/chr8_mask.bed.gz
    output: archaic_match/CHS/denisovan3/chr8.mscore
    log: logs/CHS/match.denisovan3.8.log
    jobid: 80
    reason: Missing output files: archaic_match/CHS/denisovan3/chr8.mscore; Input files updated by another job: sprime/CHS/chr8.score
    wildcards: population=CHS, ref=denisovan3, chrom=8
    resources: tmpdir=/tmp, mem_mb=16000, mem_mib=15259

[Wed Sep  9 23:02:17 2026]
Finished job 61.
107 of 147 steps (73%) done
Select jobs to execute...
Execute 1 jobs...

[Wed Sep  9 23:02:17 2026]
localrule archaic_match:
    input: sprime/CHS/chr11.score, /public/group_data_2023/xiaoyn/Sprime-workflow-main/Sprime-workflow-main/tools/map_arch/map_arch, /public/group_data_2023/wangc/Data/Archaic_data/denisova25/chr11.Den25.L35MQ25.B30.map35_100.vcf.gz, /public/group_data_2023/wangc/Data/Archaic_data/denisova25/FilterBed/Denisova25.chr11.hg19.L35MQ25.map35_100.GCcov.noSimpleRepeat.noIndel.min10x.bed.gz
    output: archaic_match/CHS/denisovan25/chr11.mscore
    log: logs/CHS/match.denisovan25.11.log
    jobid: 105
    reason: Missing output files: archaic_match/CHS/denisovan25/chr11.mscore; Input files updated by another job: sprime/CHS/chr11.score
    wildcards: population=CHS, ref=denisovan25, chrom=11
    resources: tmpdir=/tmp, mem_mb=16000, mem_mib=15259

[Wed Sep  9 23:03:44 2026]
Finished job 80.
108 of 147 steps (73%) done
Select jobs to execute...
Execute 1 jobs...

[Wed Sep  9 23:03:44 2026]
localrule archaic_match:
    input: sprime/CHS/chr20.score, /public/group_data_2023/xiaoyn/Sprime-workflow-main/Sprime-workflow-main/tools/map_arch/map_arch, /public/group_data_2023/xiaoyn/Data_Denisovan/Denisovan/chr_20.vcf.gz, /public/group_data_2023/xiaoyn/Data_Denisovan/Denisovan/FilterBed/chr20_mask.bed.gz
    output: archaic_match/CHS/denisovan3/chr20.mscore
    log: logs/CHS/match.denisovan3.20.log
    jobid: 92
    reason: Missing output files: archaic_match/CHS/denisovan3/chr20.mscore; Input files updated by another job: sprime/CHS/chr20.score
    wildcards: population=CHS, ref=denisovan3, chrom=20
    resources: tmpdir=/tmp, mem_mb=16000, mem_mib=15259

[Wed Sep  9 23:03:49 2026]
Finished job 98.
109 of 147 steps (74%) done
Select jobs to execute...
Execute 1 jobs...

[Wed Sep  9 23:03:49 2026]
localrule archaic_match:
    input: sprime/CHS/chr18.score, /public/group_data_2023/xiaoyn/Sprime-workflow-main/Sprime-workflow-main/tools/map_arch/map_arch, /public/group_data_2023/wangc/Data/Archaic_data/denisova25/chr18.Den25.L35MQ25.B30.map35_100.vcf.gz, /public/group_data_2023/wangc/Data/Archaic_data/denisova25/FilterBed/Denisova25.chr18.hg19.L35MQ25.map35_100.GCcov.noSimpleRepeat.noIndel.min10x.bed.gz
    output: archaic_match/CHS/denisovan25/chr18.mscore
    log: logs/CHS/match.denisovan25.18.log
    jobid: 112
    reason: Missing output files: archaic_match/CHS/denisovan25/chr18.mscore; Input files updated by another job: sprime/CHS/chr18.score
    wildcards: population=CHS, ref=denisovan25, chrom=18
    resources: tmpdir=/tmp, mem_mb=16000, mem_mib=15259

[Wed Sep  9 23:03:51 2026]
Finished job 105.
110 of 147 steps (75%) done
[Wed Sep  9 23:04:31 2026]
Finished job 92.
111 of 147 steps (76%) done
[Wed Sep  9 23:04:33 2026]
Finished job 74.
112 of 147 steps (76%) done
[Wed Sep  9 23:04:45 2026]
Finished job 112.
113 of 147 steps (77%) done
Select jobs to execute...
Execute 2 jobs...

[Wed Sep  9 23:04:45 2026]
localrule prepare_gmm_base:
    input: archaic_match/CHS/altai_nean/chr1.mscore, archaic_match/CHS/altai_nean/chr2.mscore, archaic_match/CHS/altai_nean/chr3.mscore, archaic_match/CHS/altai_nean/chr4.mscore, archaic_match/CHS/altai_nean/chr5.mscore, archaic_match/CHS/altai_nean/chr6.mscore, archaic_match/CHS/altai_nean/chr7.mscore, archaic_match/CHS/altai_nean/chr8.mscore, archaic_match/CHS/altai_nean/chr9.mscore, archaic_match/CHS/altai_nean/chr10.mscore, archaic_match/CHS/altai_nean/chr11.mscore, archaic_match/CHS/altai_nean/chr12.mscore, archaic_match/CHS/altai_nean/chr13.mscore, archaic_match/CHS/altai_nean/chr14.mscore, archaic_match/CHS/altai_nean/chr15.mscore, archaic_match/CHS/altai_nean/chr16.mscore, archaic_match/CHS/altai_nean/chr17.mscore, archaic_match/CHS/altai_nean/chr18.mscore, archaic_match/CHS/altai_nean/chr19.mscore, archaic_match/CHS/altai_nean/chr20.mscore, archaic_match/CHS/altai_nean/chr21.mscore, archaic_match/CHS/altai_nean/chr22.mscore, archaic_match/CHS/denisovan3/chr1.mscore, archaic_match/CHS/denisovan3/chr2.mscore, archaic_match/CHS/denisovan3/chr3.mscore, archaic_match/CHS/denisovan3/chr4.mscore, archaic_match/CHS/denisovan3/chr5.mscore, archaic_match/CHS/denisovan3/chr6.mscore, archaic_match/CHS/denisovan3/chr7.mscore, archaic_match/CHS/denisovan3/chr8.mscore, archaic_match/CHS/denisovan3/chr9.mscore, archaic_match/CHS/denisovan3/chr10.mscore, archaic_match/CHS/denisovan3/chr11.mscore, archaic_match/CHS/denisovan3/chr12.mscore, archaic_match/CHS/denisovan3/chr13.mscore, archaic_match/CHS/denisovan3/chr14.mscore, archaic_match/CHS/denisovan3/chr15.mscore, archaic_match/CHS/denisovan3/chr16.mscore, archaic_match/CHS/denisovan3/chr17.mscore, archaic_match/CHS/denisovan3/chr18.mscore, archaic_match/CHS/denisovan3/chr19.mscore, archaic_match/CHS/denisovan3/chr20.mscore, archaic_match/CHS/denisovan3/chr21.mscore, archaic_match/CHS/denisovan3/chr22.mscore, archaic_match/CHS/denisovan25/chr1.mscore, archaic_match/CHS/denisovan25/chr2.mscore, archaic_match/CHS/denisovan25/chr3.mscore, archaic_match/CHS/denisovan25/chr4.mscore, archaic_match/CHS/denisovan25/chr5.mscore, archaic_match/CHS/denisovan25/chr6.mscore, archaic_match/CHS/denisovan25/chr7.mscore, archaic_match/CHS/denisovan25/chr8.mscore, archaic_match/CHS/denisovan25/chr9.mscore, archaic_match/CHS/denisovan25/chr10.mscore, archaic_match/CHS/denisovan25/chr11.mscore, archaic_match/CHS/denisovan25/chr12.mscore, archaic_match/CHS/denisovan25/chr13.mscore, archaic_match/CHS/denisovan25/chr14.mscore, archaic_match/CHS/denisovan25/chr15.mscore, archaic_match/CHS/denisovan25/chr16.mscore, archaic_match/CHS/denisovan25/chr17.mscore, archaic_match/CHS/denisovan25/chr18.mscore, archaic_match/CHS/denisovan25/chr19.mscore, archaic_match/CHS/denisovan25/chr20.mscore, archaic_match/CHS/denisovan25/chr21.mscore, archaic_match/CHS/denisovan25/chr22.mscore
    output: work/CHS/gmm_base.tsv
    log: logs/CHS/gmm_base.log
    jobid: 122
    reason: Missing output files: work/CHS/gmm_base.tsv; Input files updated by another job: archaic_match/CHS/altai_nean/chr20.mscore, archaic_match/CHS/altai_nean/chr11.mscore, archaic_match/CHS/denisovan3/chr3.mscore, archaic_match/CHS/altai_nean/chr3.mscore, archaic_match/CHS/denisovan3/chr7.mscore, archaic_match/CHS/denisovan3/chr4.mscore, archaic_match/CHS/altai_nean/chr13.mscore, archaic_match/CHS/denisovan25/chr18.mscore, archaic_match/CHS/altai_nean/chr22.mscore, archaic_match/CHS/altai_nean/chr5.mscore, archaic_match/CHS/denisovan25/chr4.mscore, archaic_match/CHS/denisovan25/chr14.mscore, archaic_match/CHS/denisovan3/chr5.mscore, archaic_match/CHS/denisovan3/chr11.mscore, archaic_match/CHS/altai_nean/chr8.mscore, archaic_match/CHS/denisovan3/chr14.mscore, archaic_match/CHS/denisovan25/chr3.mscore, archaic_match/CHS/denisovan25/chr13.mscore, archaic_match/CHS/altai_nean/chr10.mscore, archaic_match/CHS/denisovan25/chr5.mscore, archaic_match/CHS/denisovan25/chr22.mscore, archaic_match/CHS/denisovan25/chr6.mscore, archaic_match/CHS/altai_nean/chr7.mscore, archaic_match/CHS/denisovan3/chr13.mscore, archaic_match/CHS/denisovan3/chr16.mscore, archaic_match/CHS/denisovan25/chr2.mscore, archaic_match/CHS/altai_nean/chr12.mscore, archaic_match/CHS/denisovan25/chr8.mscore, archaic_match/CHS/altai_nean/chr2.mscore, archaic_match/CHS/altai_nean/chr18.mscore, archaic_match/CHS/altai_nean/chr17.mscore, archaic_match/CHS/denisovan3/chr9.mscore, archaic_match/CHS/denisovan3/chr20.mscore, archaic_match/CHS/denisovan25/chr9.mscore, archaic_match/CHS/denisovan3/chr10.mscore, archaic_match/CHS/denisovan3/chr12.mscore, archaic_match/CHS/denisovan3/chr8.mscore, archaic_match/CHS/altai_nean/chr16.mscore, archaic_match/CHS/denisovan3/chr21.mscore, archaic_match/CHS/denisovan25/chr16.mscore, archaic_match/CHS/altai_nean/chr1.mscore, archaic_match/CHS/altai_nean/chr14.mscore, archaic_match/CHS/denisovan3/chr22.mscore, archaic_match/CHS/denisovan25/chr19.mscore, archaic_match/CHS/altai_nean/chr4.mscore, archaic_match/CHS/altai_nean/chr6.mscore, archaic_match/CHS/denisovan3/chr1.mscore, archaic_match/CHS/denisovan25/chr17.mscore, archaic_match/CHS/denisovan25/chr20.mscore, archaic_match/CHS/denisovan3/chr18.mscore, archaic_match/CHS/denisovan3/chr2.mscore, archaic_match/CHS/denisovan3/chr6.mscore, archaic_match/CHS/altai_nean/chr19.mscore, archaic_match/CHS/denisovan25/chr7.mscore, archaic_match/CHS/denisovan25/chr21.mscore, archaic_match/CHS/denisovan25/chr11.mscore, archaic_match/CHS/altai_nean/chr9.mscore, archaic_match/CHS/denisovan3/chr17.mscore, archaic_match/CHS/denisovan25/chr12.mscore, archaic_match/CHS/denisovan25/chr10.mscore, archaic_match/CHS/altai_nean/chr15.mscore, archaic_match/CHS/altai_nean/chr21.mscore, archaic_match/CHS/denisovan25/chr1.mscore, archaic_match/CHS/denisovan25/chr15.mscore, archaic_match/CHS/denisovan3/chr15.mscore, archaic_match/CHS/denisovan3/chr19.mscore
    wildcards: population=CHS
    resources: tmpdir=/tmp, mem_mb=8000, mem_mib=7630

[Wed Sep  9 23:04:45 2026]
localrule summarize:
    input: archaic_match/CHS/altai_nean/chr1.mscore, archaic_match/CHS/altai_nean/chr2.mscore, archaic_match/CHS/altai_nean/chr3.mscore, archaic_match/CHS/altai_nean/chr4.mscore, archaic_match/CHS/altai_nean/chr5.mscore, archaic_match/CHS/altai_nean/chr6.mscore, archaic_match/CHS/altai_nean/chr7.mscore, archaic_match/CHS/altai_nean/chr8.mscore, archaic_match/CHS/altai_nean/chr9.mscore, archaic_match/CHS/altai_nean/chr10.mscore, archaic_match/CHS/altai_nean/chr11.mscore, archaic_match/CHS/altai_nean/chr12.mscore, archaic_match/CHS/altai_nean/chr13.mscore, archaic_match/CHS/altai_nean/chr14.mscore, archaic_match/CHS/altai_nean/chr15.mscore, archaic_match/CHS/altai_nean/chr16.mscore, archaic_match/CHS/altai_nean/chr17.mscore, archaic_match/CHS/altai_nean/chr18.mscore, archaic_match/CHS/altai_nean/chr19.mscore, archaic_match/CHS/altai_nean/chr20.mscore, archaic_match/CHS/altai_nean/chr21.mscore, archaic_match/CHS/altai_nean/chr22.mscore, archaic_match/CHS/denisovan3/chr1.mscore, archaic_match/CHS/denisovan3/chr2.mscore, archaic_match/CHS/denisovan3/chr3.mscore, archaic_match/CHS/denisovan3/chr4.mscore, archaic_match/CHS/denisovan3/chr5.mscore, archaic_match/CHS/denisovan3/chr6.mscore, archaic_match/CHS/denisovan3/chr7.mscore, archaic_match/CHS/denisovan3/chr8.mscore, archaic_match/CHS/denisovan3/chr9.mscore, archaic_match/CHS/denisovan3/chr10.mscore, archaic_match/CHS/denisovan3/chr11.mscore, archaic_match/CHS/denisovan3/chr12.mscore, archaic_match/CHS/denisovan3/chr13.mscore, archaic_match/CHS/denisovan3/chr14.mscore, archaic_match/CHS/denisovan3/chr15.mscore, archaic_match/CHS/denisovan3/chr16.mscore, archaic_match/CHS/denisovan3/chr17.mscore, archaic_match/CHS/denisovan3/chr18.mscore, archaic_match/CHS/denisovan3/chr19.mscore, archaic_match/CHS/denisovan3/chr20.mscore, archaic_match/CHS/denisovan3/chr21.mscore, archaic_match/CHS/denisovan3/chr22.mscore, archaic_match/CHS/denisovan25/chr1.mscore, archaic_match/CHS/denisovan25/chr2.mscore, archaic_match/CHS/denisovan25/chr3.mscore, archaic_match/CHS/denisovan25/chr4.mscore, archaic_match/CHS/denisovan25/chr5.mscore, archaic_match/CHS/denisovan25/chr6.mscore, archaic_match/CHS/denisovan25/chr7.mscore, archaic_match/CHS/denisovan25/chr8.mscore, archaic_match/CHS/denisovan25/chr9.mscore, archaic_match/CHS/denisovan25/chr10.mscore, archaic_match/CHS/denisovan25/chr11.mscore, archaic_match/CHS/denisovan25/chr12.mscore, archaic_match/CHS/denisovan25/chr13.mscore, archaic_match/CHS/denisovan25/chr14.mscore, archaic_match/CHS/denisovan25/chr15.mscore, archaic_match/CHS/denisovan25/chr16.mscore, archaic_match/CHS/denisovan25/chr17.mscore, archaic_match/CHS/denisovan25/chr18.mscore, archaic_match/CHS/denisovan25/chr19.mscore, archaic_match/CHS/denisovan25/chr20.mscore, archaic_match/CHS/denisovan25/chr21.mscore, archaic_match/CHS/denisovan25/chr22.mscore
    output: tables/CHS.wide.tsv
    log: logs/CHS/summary.log
    jobid: 2
    reason: Missing output files: tables/CHS.wide.tsv; Input files updated by another job: archaic_match/CHS/altai_nean/chr20.mscore, archaic_match/CHS/altai_nean/chr11.mscore, archaic_match/CHS/denisovan3/chr3.mscore, archaic_match/CHS/altai_nean/chr3.mscore, archaic_match/CHS/denisovan3/chr7.mscore, archaic_match/CHS/denisovan3/chr4.mscore, archaic_match/CHS/altai_nean/chr13.mscore, archaic_match/CHS/denisovan25/chr18.mscore, archaic_match/CHS/altai_nean/chr22.mscore, archaic_match/CHS/altai_nean/chr5.mscore, archaic_match/CHS/denisovan25/chr4.mscore, archaic_match/CHS/denisovan25/chr14.mscore, archaic_match/CHS/denisovan3/chr5.mscore, archaic_match/CHS/denisovan3/chr11.mscore, archaic_match/CHS/altai_nean/chr8.mscore, archaic_match/CHS/denisovan3/chr14.mscore, archaic_match/CHS/denisovan25/chr3.mscore, archaic_match/CHS/denisovan25/chr13.mscore, archaic_match/CHS/altai_nean/chr10.mscore, archaic_match/CHS/denisovan25/chr5.mscore, archaic_match/CHS/denisovan25/chr22.mscore, archaic_match/CHS/denisovan25/chr6.mscore, archaic_match/CHS/altai_nean/chr7.mscore, archaic_match/CHS/denisovan3/chr13.mscore, archaic_match/CHS/denisovan3/chr16.mscore, archaic_match/CHS/denisovan25/chr2.mscore, archaic_match/CHS/altai_nean/chr12.mscore, archaic_match/CHS/denisovan25/chr8.mscore, archaic_match/CHS/altai_nean/chr2.mscore, archaic_match/CHS/altai_nean/chr18.mscore, archaic_match/CHS/altai_nean/chr17.mscore, archaic_match/CHS/denisovan3/chr9.mscore, archaic_match/CHS/denisovan3/chr20.mscore, archaic_match/CHS/denisovan25/chr9.mscore, archaic_match/CHS/denisovan3/chr10.mscore, archaic_match/CHS/denisovan3/chr12.mscore, archaic_match/CHS/denisovan3/chr8.mscore, archaic_match/CHS/altai_nean/chr16.mscore, archaic_match/CHS/denisovan3/chr21.mscore, archaic_match/CHS/denisovan25/chr16.mscore, archaic_match/CHS/altai_nean/chr1.mscore, archaic_match/CHS/altai_nean/chr14.mscore, archaic_match/CHS/denisovan3/chr22.mscore, archaic_match/CHS/denisovan25/chr19.mscore, archaic_match/CHS/altai_nean/chr4.mscore, archaic_match/CHS/altai_nean/chr6.mscore, archaic_match/CHS/denisovan3/chr1.mscore, archaic_match/CHS/denisovan25/chr17.mscore, archaic_match/CHS/denisovan25/chr20.mscore, archaic_match/CHS/denisovan3/chr18.mscore, archaic_match/CHS/denisovan3/chr2.mscore, archaic_match/CHS/denisovan3/chr6.mscore, archaic_match/CHS/altai_nean/chr19.mscore, archaic_match/CHS/denisovan25/chr7.mscore, archaic_match/CHS/denisovan25/chr21.mscore, archaic_match/CHS/denisovan25/chr11.mscore, archaic_match/CHS/altai_nean/chr9.mscore, archaic_match/CHS/denisovan3/chr17.mscore, archaic_match/CHS/denisovan25/chr12.mscore, archaic_match/CHS/denisovan25/chr10.mscore, archaic_match/CHS/altai_nean/chr15.mscore, archaic_match/CHS/altai_nean/chr21.mscore, archaic_match/CHS/denisovan25/chr1.mscore, archaic_match/CHS/denisovan25/chr15.mscore, archaic_match/CHS/denisovan3/chr15.mscore, archaic_match/CHS/denisovan3/chr19.mscore
    wildcards: population=CHS
    resources: tmpdir=/tmp, mem_mb=8000, mem_mib=7630

[Wed Sep  9 23:04:48 2026]
Finished job 122.
114 of 147 steps (78%) done
Select jobs to execute...
Execute 1 jobs...

[Wed Sep  9 23:04:48 2026]
localrule gmm_input:
    input: work/CHS/gmm_base.tsv
    output: gmm/input/CHS.tsv
    log: logs/CHS/gmm_input.log
    jobid: 121
    reason: Missing output files: gmm/input/CHS.tsv; Input files updated by another job: work/CHS/gmm_base.tsv
    wildcards: population=CHS
    resources: tmpdir=/tmp

[Wed Sep  9 23:04:48 2026]
Finished job 2.
115 of 147 steps (78%) done
Select jobs to execute...
Execute 3 jobs...

[Wed Sep  9 23:04:48 2026]
localrule contour:
    input: tables/CHS.wide.tsv, /public/group_data_2023/xiaoyn/Sprime-workflow-main/Sprime-workflow-main/workflow/scripts/plot_contour.R
    output: plots/CHS.denisovan3__denisovan25.png
    log: logs/CHS/contour.denisovan3__denisovan25.log
    jobid: 118
    reason: Missing output files: plots/CHS.denisovan3__denisovan25.png; Input files updated by another job: tables/CHS.wide.tsv
    wildcards: population=CHS, pair=denisovan3__denisovan25
    resources: tmpdir=/tmp

[Wed Sep  9 23:04:48 2026]
localrule collect_tables:
    input: tables/CHS.wide.tsv
    output: tables/segment_match_rates.wide.tsv.gz, tables/segment_match_rates.long.tsv.gz, tables/population_match_summary.tsv
    log: logs/collect_tables.log
    jobid: 1
    reason: Missing output files: tables/segment_match_rates.long.tsv.gz, tables/segment_match_rates.wide.tsv.gz, tables/population_match_summary.tsv; Input files updated by another job: tables/CHS.wide.tsv
    resources: tmpdir=/tmp

[Wed Sep  9 23:04:48 2026]
localrule classify:
    input: tables/CHS.wide.tsv
    output: classification/CHS.tsv
    log: logs/CHS/classify.log
    jobid: 117
    reason: Missing output files: classification/CHS.tsv; Input files updated by another job: tables/CHS.wide.tsv
    wildcards: population=CHS
    resources: tmpdir=/tmp

[Wed Sep  9 23:04:48 2026]
Finished job 121.
116 of 147 steps (79%) done
Select jobs to execute...
Execute 2 jobs...

[Wed Sep  9 23:04:48 2026]
localrule fit_gmm:
    input: gmm/input/CHS.tsv
    output: gmm/CHS/denisovan3.selection.tsv, gmm/CHS/denisovan3.components.tsv, gmm/plots/CHS.denisovan3.png
    log: logs/CHS/gmm.denisovan3.log
    jobid: 120
    reason: Missing output files: gmm/CHS/denisovan3.components.tsv, gmm/plots/CHS.denisovan3.png, gmm/CHS/denisovan3.selection.tsv; Input files updated by another job: gmm/input/CHS.tsv
    wildcards: population=CHS, ref=denisovan3
    resources: tmpdir=/tmp, mem_mb=2000, mem_mib=1908

[Wed Sep  9 23:04:48 2026]
localrule fit_gmm:
    input: gmm/input/CHS.tsv
    output: gmm/CHS/denisovan25.selection.tsv, gmm/CHS/denisovan25.components.tsv, gmm/plots/CHS.denisovan25.png
    log: logs/CHS/gmm.denisovan25.log
    jobid: 123
    reason: Missing output files: gmm/CHS/denisovan25.components.tsv, gmm/plots/CHS.denisovan25.png, gmm/CHS/denisovan25.selection.tsv; Input files updated by another job: gmm/input/CHS.tsv
    wildcards: population=CHS, ref=denisovan25
    resources: tmpdir=/tmp, mem_mb=2000, mem_mib=1908

[Wed Sep  9 23:04:48 2026]
Finished job 117.
117 of 147 steps (80%) done
Select jobs to execute...
Execute 7 jobs...

[Wed Sep  9 23:04:48 2026]
localrule individual_chr:
    input: work/CHS/chr5.vcf.gz, work/CHS/chr5.vcf.gz.csi, sprime/CHS/chr5.score, classification/CHS.tsv, /public/group_data_2023/xiaoyn/Sprime-workflow-main/Sprime-workflow-main/config/samples-test.tsv
    output: work/CHS/individual.5.tsv
    log: logs/CHS/individual.5.log
    jobid: 130
    reason: Missing output files: work/CHS/individual.5.tsv; Input files updated by another job: work/CHS/chr5.vcf.gz.csi, classification/CHS.tsv, sprime/CHS/chr5.score, work/CHS/chr5.vcf.gz
    wildcards: population=CHS, chrom=5
    resources: tmpdir=/tmp, mem_mb=8000, mem_mib=7630

[Wed Sep  9 23:04:48 2026]
localrule individual_chr:
    input: work/CHS/chr22.vcf.gz, work/CHS/chr22.vcf.gz.csi, sprime/CHS/chr22.score, classification/CHS.tsv, /public/group_data_2023/xiaoyn/Sprime-workflow-main/Sprime-workflow-main/config/samples-test.tsv
    output: work/CHS/individual.22.tsv
    log: logs/CHS/individual.22.log
    jobid: 147
    reason: Missing output files: work/CHS/individual.22.tsv; Input files updated by another job: sprime/CHS/chr22.score, classification/CHS.tsv, work/CHS/chr22.vcf.gz, work/CHS/chr22.vcf.gz.csi
    wildcards: population=CHS, chrom=22
    resources: tmpdir=/tmp, mem_mb=8000, mem_mib=7630

[Wed Sep  9 23:04:48 2026]
localrule individual_chr:
    input: work/CHS/chr16.vcf.gz, work/CHS/chr16.vcf.gz.csi, sprime/CHS/chr16.score, classification/CHS.tsv, /public/group_data_2023/xiaoyn/Sprime-workflow-main/Sprime-workflow-main/config/samples-test.tsv
    output: work/CHS/individual.16.tsv
    log: logs/CHS/individual.16.log
    jobid: 141
    reason: Missing output files: work/CHS/individual.16.tsv; Input files updated by another job: work/CHS/chr16.vcf.gz.csi, sprime/CHS/chr16.score, classification/CHS.tsv, work/CHS/chr16.vcf.gz
    wildcards: population=CHS, chrom=16
    resources: tmpdir=/tmp, mem_mb=8000, mem_mib=7630

[Wed Sep  9 23:04:48 2026]
localrule individual_chr:
    input: work/CHS/chr9.vcf.gz, work/CHS/chr9.vcf.gz.csi, sprime/CHS/chr9.score, classification/CHS.tsv, /public/group_data_2023/xiaoyn/Sprime-workflow-main/Sprime-workflow-main/config/samples-test.tsv
    output: work/CHS/individual.9.tsv
    log: logs/CHS/individual.9.log
    jobid: 134
    reason: Missing output files: work/CHS/individual.9.tsv; Input files updated by another job: work/CHS/chr9.vcf.gz, work/CHS/chr9.vcf.gz.csi, classification/CHS.tsv, sprime/CHS/chr9.score
    wildcards: population=CHS, chrom=9
    resources: tmpdir=/tmp, mem_mb=8000, mem_mib=7630

[Wed Sep  9 23:04:48 2026]
localrule individual_chr:
    input: work/CHS/chr15.vcf.gz, work/CHS/chr15.vcf.gz.csi, sprime/CHS/chr15.score, classification/CHS.tsv, /public/group_data_2023/xiaoyn/Sprime-workflow-main/Sprime-workflow-main/config/samples-test.tsv
    output: work/CHS/individual.15.tsv
    log: logs/CHS/individual.15.log
    jobid: 140
    reason: Missing output files: work/CHS/individual.15.tsv; Input files updated by another job: sprime/CHS/chr15.score, work/CHS/chr15.vcf.gz, classification/CHS.tsv, work/CHS/chr15.vcf.gz.csi
    wildcards: population=CHS, chrom=15
    resources: tmpdir=/tmp, mem_mb=8000, mem_mib=7630

[Wed Sep  9 23:04:48 2026]
localrule individual_chr:
    input: work/CHS/chr8.vcf.gz, work/CHS/chr8.vcf.gz.csi, sprime/CHS/chr8.score, classification/CHS.tsv, /public/group_data_2023/xiaoyn/Sprime-workflow-main/Sprime-workflow-main/config/samples-test.tsv
    output: work/CHS/individual.8.tsv
    log: logs/CHS/individual.8.log
    jobid: 133
    reason: Missing output files: work/CHS/individual.8.tsv; Input files updated by another job: sprime/CHS/chr8.score, classification/CHS.tsv, work/CHS/chr8.vcf.gz.csi, work/CHS/chr8.vcf.gz
    wildcards: population=CHS, chrom=8
    resources: tmpdir=/tmp, mem_mb=8000, mem_mib=7630

[Wed Sep  9 23:04:48 2026]
localrule individual_chr:
    input: work/CHS/chr1.vcf.gz, work/CHS/chr1.vcf.gz.csi, sprime/CHS/chr1.score, classification/CHS.tsv, /public/group_data_2023/xiaoyn/Sprime-workflow-main/Sprime-workflow-main/config/samples-test.tsv
    output: work/CHS/individual.1.tsv
    log: logs/CHS/individual.1.log
    jobid: 126
    reason: Missing output files: work/CHS/individual.1.tsv; Input files updated by another job: work/CHS/chr1.vcf.gz.csi, work/CHS/chr1.vcf.gz, classification/CHS.tsv, sprime/CHS/chr1.score
    wildcards: population=CHS, chrom=1
    resources: tmpdir=/tmp, mem_mb=8000, mem_mib=7630

[Wed Sep  9 23:04:48 2026]
Finished job 1.
118 of 147 steps (80%) done
Select jobs to execute...
Waiting for more resources.
[Wed Sep  9 23:04:49 2026]
Finished job 118.
119 of 147 steps (81%) done
Waiting for more resources.
[Wed Sep  9 23:04:50 2026]
Finished job 120.
120 of 147 steps (82%) done
Waiting for more resources.
[Wed Sep  9 23:04:50 2026]
Finished job 123.
121 of 147 steps (82%) done
Execute 2 jobs...

[Wed Sep  9 23:04:50 2026]
localrule individual_chr:
    input: work/CHS/chr2.vcf.gz, work/CHS/chr2.vcf.gz.csi, sprime/CHS/chr2.score, classification/CHS.tsv, /public/group_data_2023/xiaoyn/Sprime-workflow-main/Sprime-workflow-main/config/samples-test.tsv
    output: work/CHS/individual.2.tsv
    log: logs/CHS/individual.2.log
    jobid: 127
    reason: Missing output files: work/CHS/individual.2.tsv; Input files updated by another job: sprime/CHS/chr2.score, classification/CHS.tsv, work/CHS/chr2.vcf.gz.csi, work/CHS/chr2.vcf.gz
    wildcards: population=CHS, chrom=2
    resources: tmpdir=/tmp, mem_mb=8000, mem_mib=7630

[Wed Sep  9 23:04:50 2026]
localrule collect_gmm:
    input: gmm/CHS/denisovan3.selection.tsv, gmm/CHS/denisovan25.selection.tsv, gmm/CHS/denisovan3.components.tsv, gmm/CHS/denisovan25.components.tsv, gmm/plots/CHS.denisovan3.png, gmm/plots/CHS.denisovan25.png
    output: gmm/model_selection.tsv, gmm/components.tsv
    log: logs/collect_gmm.log
    jobid: 119
    reason: Missing output files: gmm/model_selection.tsv, gmm/components.tsv; Input files updated by another job: gmm/CHS/denisovan25.components.tsv, gmm/CHS/denisovan3.components.tsv, gmm/plots/CHS.denisovan3.png, gmm/CHS/denisovan25.selection.tsv, gmm/CHS/denisovan3.selection.tsv, gmm/plots/CHS.denisovan25.png
    resources: tmpdir=/tmp

[Wed Sep  9 23:04:50 2026]
Finished job 119.
122 of 147 steps (83%) done
Select jobs to execute...
Waiting for more resources.
[Wed Sep  9 23:04:51 2026]
Finished job 147.
123 of 147 steps (84%) done
Execute 1 jobs...

[Wed Sep  9 23:04:51 2026]
localrule individual_chr:
    input: work/CHS/chr11.vcf.gz, work/CHS/chr11.vcf.gz.csi, sprime/CHS/chr11.score, classification/CHS.tsv, /public/group_data_2023/xiaoyn/Sprime-workflow-main/Sprime-workflow-main/config/samples-test.tsv
    output: work/CHS/individual.11.tsv
    log: logs/CHS/individual.11.log
    jobid: 136
    reason: Missing output files: work/CHS/individual.11.tsv; Input files updated by another job: work/CHS/chr11.vcf.gz, work/CHS/chr11.vcf.gz.csi, classification/CHS.tsv, sprime/CHS/chr11.score
    wildcards: population=CHS, chrom=11
    resources: tmpdir=/tmp, mem_mb=8000, mem_mib=7630

[Wed Sep  9 23:04:51 2026]
Finished job 141.
124 of 147 steps (84%) done
Select jobs to execute...
Execute 1 jobs...

[Wed Sep  9 23:04:51 2026]
localrule individual_chr:
    input: work/CHS/chr4.vcf.gz, work/CHS/chr4.vcf.gz.csi, sprime/CHS/chr4.score, classification/CHS.tsv, /public/group_data_2023/xiaoyn/Sprime-workflow-main/Sprime-workflow-main/config/samples-test.tsv
    output: work/CHS/individual.4.tsv
    log: logs/CHS/individual.4.log
    jobid: 129
    reason: Missing output files: work/CHS/individual.4.tsv; Input files updated by another job: sprime/CHS/chr4.score, work/CHS/chr4.vcf.gz.csi, classification/CHS.tsv, work/CHS/chr4.vcf.gz
    wildcards: population=CHS, chrom=4
    resources: tmpdir=/tmp, mem_mb=8000, mem_mib=7630

[Wed Sep  9 23:04:53 2026]
Finished job 140.
125 of 147 steps (85%) done
Select jobs to execute...
Execute 1 jobs...

[Wed Sep  9 23:04:53 2026]
localrule individual_chr:
    input: work/CHS/chr21.vcf.gz, work/CHS/chr21.vcf.gz.csi, sprime/CHS/chr21.score, classification/CHS.tsv, /public/group_data_2023/xiaoyn/Sprime-workflow-main/Sprime-workflow-main/config/samples-test.tsv
    output: work/CHS/individual.21.tsv
    log: logs/CHS/individual.21.log
    jobid: 146
    reason: Missing output files: work/CHS/individual.21.tsv; Input files updated by another job: work/CHS/chr21.vcf.gz, sprime/CHS/chr21.score, classification/CHS.tsv, work/CHS/chr21.vcf.gz.csi
    wildcards: population=CHS, chrom=21
    resources: tmpdir=/tmp, mem_mb=8000, mem_mib=7630

[Wed Sep  9 23:04:53 2026]
Finished job 133.
126 of 147 steps (86%) done
Select jobs to execute...
Execute 1 jobs...

[Wed Sep  9 23:04:53 2026]
localrule individual_chr:
    input: work/CHS/chr6.vcf.gz, work/CHS/chr6.vcf.gz.csi, sprime/CHS/chr6.score, classification/CHS.tsv, /public/group_data_2023/xiaoyn/Sprime-workflow-main/Sprime-workflow-main/config/samples-test.tsv
    output: work/CHS/individual.6.tsv
    log: logs/CHS/individual.6.log
    jobid: 131
    reason: Missing output files: work/CHS/individual.6.tsv; Input files updated by another job: sprime/CHS/chr6.score, work/CHS/chr6.vcf.gz, classification/CHS.tsv, work/CHS/chr6.vcf.gz.csi
    wildcards: population=CHS, chrom=6
    resources: tmpdir=/tmp, mem_mb=8000, mem_mib=7630

[Wed Sep  9 23:04:54 2026]
Finished job 146.
127 of 147 steps (86%) done
Select jobs to execute...
Execute 1 jobs...

[Wed Sep  9 23:04:54 2026]
localrule individual_chr:
    input: work/CHS/chr17.vcf.gz, work/CHS/chr17.vcf.gz.csi, sprime/CHS/chr17.score, classification/CHS.tsv, /public/group_data_2023/xiaoyn/Sprime-workflow-main/Sprime-workflow-main/config/samples-test.tsv
    output: work/CHS/individual.17.tsv
    log: logs/CHS/individual.17.log
    jobid: 142
    reason: Missing output files: work/CHS/individual.17.tsv; Input files updated by another job: work/CHS/chr17.vcf.gz, work/CHS/chr17.vcf.gz.csi, classification/CHS.tsv, sprime/CHS/chr17.score
    wildcards: population=CHS, chrom=17
    resources: tmpdir=/tmp, mem_mb=8000, mem_mib=7630

[Wed Sep  9 23:04:54 2026]
Finished job 130.
128 of 147 steps (87%) done
Select jobs to execute...
Execute 1 jobs...

[Wed Sep  9 23:04:55 2026]
localrule individual_chr:
    input: work/CHS/chr13.vcf.gz, work/CHS/chr13.vcf.gz.csi, sprime/CHS/chr13.score, classification/CHS.tsv, /public/group_data_2023/xiaoyn/Sprime-workflow-main/Sprime-workflow-main/config/samples-test.tsv
    output: work/CHS/individual.13.tsv
    log: logs/CHS/individual.13.log
    jobid: 138
    reason: Missing output files: work/CHS/individual.13.tsv; Input files updated by another job: work/CHS/chr13.vcf.gz, work/CHS/chr13.vcf.gz.csi, classification/CHS.tsv, sprime/CHS/chr13.score
    wildcards: population=CHS, chrom=13
    resources: tmpdir=/tmp, mem_mb=8000, mem_mib=7630

[Wed Sep  9 23:04:56 2026]
Finished job 134.
129 of 147 steps (88%) done
Select jobs to execute...
Execute 1 jobs...

[Wed Sep  9 23:04:56 2026]
localrule individual_chr:
    input: work/CHS/chr18.vcf.gz, work/CHS/chr18.vcf.gz.csi, sprime/CHS/chr18.score, classification/CHS.tsv, /public/group_data_2023/xiaoyn/Sprime-workflow-main/Sprime-workflow-main/config/samples-test.tsv
    output: work/CHS/individual.18.tsv
    log: logs/CHS/individual.18.log
    jobid: 143
    reason: Missing output files: work/CHS/individual.18.tsv; Input files updated by another job: classification/CHS.tsv, sprime/CHS/chr18.score, work/CHS/chr18.vcf.gz, work/CHS/chr18.vcf.gz.csi
    wildcards: population=CHS, chrom=18
    resources: tmpdir=/tmp, mem_mb=8000, mem_mib=7630

[Wed Sep  9 23:04:57 2026]
Finished job 142.
130 of 147 steps (88%) done
Select jobs to execute...
Execute 1 jobs...

[Wed Sep  9 23:04:57 2026]
localrule individual_chr:
    input: work/CHS/chr7.vcf.gz, work/CHS/chr7.vcf.gz.csi, sprime/CHS/chr7.score, classification/CHS.tsv, /public/group_data_2023/xiaoyn/Sprime-workflow-main/Sprime-workflow-main/config/samples-test.tsv
    output: work/CHS/individual.7.tsv
    log: logs/CHS/individual.7.log
    jobid: 132
    reason: Missing output files: work/CHS/individual.7.tsv; Input files updated by another job: classification/CHS.tsv, work/CHS/chr7.vcf.gz.csi, work/CHS/chr7.vcf.gz, sprime/CHS/chr7.score
    wildcards: population=CHS, chrom=7
    resources: tmpdir=/tmp, mem_mb=8000, mem_mib=7630

[Wed Sep  9 23:04:58 2026]
Finished job 136.
131 of 147 steps (89%) done
Select jobs to execute...
Execute 1 jobs...

[Wed Sep  9 23:04:58 2026]
localrule individual_chr:
    input: work/CHS/chr14.vcf.gz, work/CHS/chr14.vcf.gz.csi, sprime/CHS/chr14.score, classification/CHS.tsv, /public/group_data_2023/xiaoyn/Sprime-workflow-main/Sprime-workflow-main/config/samples-test.tsv
    output: work/CHS/individual.14.tsv
    log: logs/CHS/individual.14.log
    jobid: 139
    reason: Missing output files: work/CHS/individual.14.tsv; Input files updated by another job: classification/CHS.tsv, work/CHS/chr14.vcf.gz.csi, sprime/CHS/chr14.score, work/CHS/chr14.vcf.gz
    wildcards: population=CHS, chrom=14
    resources: tmpdir=/tmp, mem_mb=8000, mem_mib=7630

[Wed Sep  9 23:04:59 2026]
Finished job 143.
132 of 147 steps (90%) done
Select jobs to execute...
Execute 1 jobs...

[Wed Sep  9 23:04:59 2026]
localrule individual_chr:
    input: work/CHS/chr20.vcf.gz, work/CHS/chr20.vcf.gz.csi, sprime/CHS/chr20.score, classification/CHS.tsv, /public/group_data_2023/xiaoyn/Sprime-workflow-main/Sprime-workflow-main/config/samples-test.tsv
    output: work/CHS/individual.20.tsv
    log: logs/CHS/individual.20.log
    jobid: 145
    reason: Missing output files: work/CHS/individual.20.tsv; Input files updated by another job: work/CHS/chr20.vcf.gz.csi, work/CHS/chr20.vcf.gz, classification/CHS.tsv, sprime/CHS/chr20.score
    wildcards: population=CHS, chrom=20
    resources: tmpdir=/tmp, mem_mb=8000, mem_mib=7630

[Wed Sep  9 23:04:59 2026]
Finished job 138.
133 of 147 steps (90%) done
Select jobs to execute...
Execute 1 jobs...

[Wed Sep  9 23:04:59 2026]
localrule individual_chr:
    input: work/CHS/chr19.vcf.gz, work/CHS/chr19.vcf.gz.csi, sprime/CHS/chr19.score, classification/CHS.tsv, /public/group_data_2023/xiaoyn/Sprime-workflow-main/Sprime-workflow-main/config/samples-test.tsv
    output: work/CHS/individual.19.tsv
    log: logs/CHS/individual.19.log
    jobid: 144
    reason: Missing output files: work/CHS/individual.19.tsv; Input files updated by another job: work/CHS/chr19.vcf.gz, classification/CHS.tsv, work/CHS/chr19.vcf.gz.csi, sprime/CHS/chr19.score
    wildcards: population=CHS, chrom=19
    resources: tmpdir=/tmp, mem_mb=8000, mem_mib=7630

[Wed Sep  9 23:05:00 2026]
Finished job 126.
134 of 147 steps (91%) done
Select jobs to execute...
Execute 1 jobs...

[Wed Sep  9 23:05:00 2026]
localrule individual_chr:
    input: work/CHS/chr12.vcf.gz, work/CHS/chr12.vcf.gz.csi, sprime/CHS/chr12.score, classification/CHS.tsv, /public/group_data_2023/xiaoyn/Sprime-workflow-main/Sprime-workflow-main/config/samples-test.tsv
    output: work/CHS/individual.12.tsv
    log: logs/CHS/individual.12.log
    jobid: 137
    reason: Missing output files: work/CHS/individual.12.tsv; Input files updated by another job: work/CHS/chr12.vcf.gz, sprime/CHS/chr12.score, work/CHS/chr12.vcf.gz.csi, classification/CHS.tsv
    wildcards: population=CHS, chrom=12
    resources: tmpdir=/tmp, mem_mb=8000, mem_mib=7630

[Wed Sep  9 23:05:00 2026]
Finished job 127.
135 of 147 steps (92%) done
Select jobs to execute...
Execute 1 jobs...

[Wed Sep  9 23:05:00 2026]
localrule individual_chr:
    input: work/CHS/chr10.vcf.gz, work/CHS/chr10.vcf.gz.csi, sprime/CHS/chr10.score, classification/CHS.tsv, /public/group_data_2023/xiaoyn/Sprime-workflow-main/Sprime-workflow-main/config/samples-test.tsv
    output: work/CHS/individual.10.tsv
    log: logs/CHS/individual.10.log
    jobid: 135
    reason: Missing output files: work/CHS/individual.10.tsv; Input files updated by another job: work/CHS/chr10.vcf.gz.csi, sprime/CHS/chr10.score, classification/CHS.tsv, work/CHS/chr10.vcf.gz
    wildcards: population=CHS, chrom=10
    resources: tmpdir=/tmp, mem_mb=8000, mem_mib=7630

[Wed Sep  9 23:05:01 2026]
Finished job 139.
136 of 147 steps (93%) done
Select jobs to execute...
Execute 1 jobs...

[Wed Sep  9 23:05:01 2026]
localrule individual_chr:
    input: work/CHS/chr3.vcf.gz, work/CHS/chr3.vcf.gz.csi, sprime/CHS/chr3.score, classification/CHS.tsv, /public/group_data_2023/xiaoyn/Sprime-workflow-main/Sprime-workflow-main/config/samples-test.tsv
    output: work/CHS/individual.3.tsv
    log: logs/CHS/individual.3.log
    jobid: 128
    reason: Missing output files: work/CHS/individual.3.tsv; Input files updated by another job: work/CHS/chr3.vcf.gz, classification/CHS.tsv, work/CHS/chr3.vcf.gz.csi, sprime/CHS/chr3.score
    wildcards: population=CHS, chrom=3
    resources: tmpdir=/tmp, mem_mb=8000, mem_mib=7630

[Wed Sep  9 23:05:01 2026]
Finished job 145.
137 of 147 steps (93%) done
[Wed Sep  9 23:05:02 2026]
Finished job 129.
138 of 147 steps (94%) done
[Wed Sep  9 23:05:03 2026]
Finished job 144.
139 of 147 steps (95%) done
[Wed Sep  9 23:05:03 2026]
Finished job 131.
140 of 147 steps (95%) done
[Wed Sep  9 23:05:06 2026]
Finished job 132.
141 of 147 steps (96%) done
[Wed Sep  9 23:05:08 2026]
Finished job 135.
142 of 147 steps (97%) done
[Wed Sep  9 23:05:08 2026]
Finished job 137.
143 of 147 steps (97%) done
[Wed Sep  9 23:05:09 2026]
Finished job 128.
144 of 147 steps (98%) done
Select jobs to execute...
Execute 1 jobs...

[Wed Sep  9 23:05:09 2026]
localrule individual_pop:
    input: work/CHS/individual.1.tsv, work/CHS/individual.2.tsv, work/CHS/individual.3.tsv, work/CHS/individual.4.tsv, work/CHS/individual.5.tsv, work/CHS/individual.6.tsv, work/CHS/individual.7.tsv, work/CHS/individual.8.tsv, work/CHS/individual.9.tsv, work/CHS/individual.10.tsv, work/CHS/individual.11.tsv, work/CHS/individual.12.tsv, work/CHS/individual.13.tsv, work/CHS/individual.14.tsv, work/CHS/individual.15.tsv, work/CHS/individual.16.tsv, work/CHS/individual.17.tsv, work/CHS/individual.18.tsv, work/CHS/individual.19.tsv, work/CHS/individual.20.tsv, work/CHS/individual.21.tsv, work/CHS/individual.22.tsv
    output: individual_calls/by_population/CHS/all.tsv.gz, individual_calls/by_population/CHS/neanderthal.tsv.gz, individual_calls/by_population/CHS/denisovan.tsv.gz, individual_calls/by_population/CHS/ambiguous.tsv.gz
    log: logs/CHS/individual_collect.log
    jobid: 125
    reason: Missing output files: individual_calls/by_population/CHS/all.tsv.gz; Input files updated by another job: work/CHS/individual.12.tsv, work/CHS/individual.18.tsv, work/CHS/individual.11.tsv, work/CHS/individual.5.tsv, work/CHS/individual.22.tsv, work/CHS/individual.17.tsv, work/CHS/individual.6.tsv, work/CHS/individual.10.tsv, work/CHS/individual.14.tsv, work/CHS/individual.7.tsv, work/CHS/individual.8.tsv, work/CHS/individual.1.tsv, work/CHS/individual.9.tsv, work/CHS/individual.16.tsv, work/CHS/individual.21.tsv, work/CHS/individual.13.tsv, work/CHS/individual.3.tsv, work/CHS/individual.4.tsv, work/CHS/individual.15.tsv, work/CHS/individual.20.tsv, work/CHS/individual.2.tsv, work/CHS/individual.19.tsv
    wildcards: population=CHS
    resources: tmpdir=/tmp

[Wed Sep  9 23:05:11 2026]
Finished job 125.
145 of 147 steps (99%) done
Select jobs to execute...
Execute 1 jobs...

[Wed Sep  9 23:05:11 2026]
localrule collect_individual:
    input: individual_calls/by_population/CHS/all.tsv.gz
    output: individual_calls/all_individual_calls.tsv.gz
    log: logs/individual_collect.log
    jobid: 124
    reason: Missing output files: individual_calls/all_individual_calls.tsv.gz; Input files updated by another job: individual_calls/by_population/CHS/all.tsv.gz
    resources: tmpdir=/tmp

[Wed Sep  9 23:05:12 2026]
Finished job 124.
146 of 147 steps (99%) done
Select jobs to execute...
Execute 1 jobs...

[Wed Sep  9 23:05:12 2026]
localrule all:
    input: tables/segment_match_rates.wide.tsv.gz, tables/segment_match_rates.long.tsv.gz, tables/population_match_summary.tsv, classification/CHS.tsv, plots/CHS.denisovan3__denisovan25.png, gmm/model_selection.tsv, gmm/components.tsv, individual_calls/all_individual_calls.tsv.gz
    jobid: 0
    reason: Input files updated by another job: plots/CHS.denisovan3__denisovan25.png, tables/segment_match_rates.wide.tsv.gz, individual_calls/all_individual_calls.tsv.gz, tables/segment_match_rates.long.tsv.gz, tables/population_match_summary.tsv, gmm/model_selection.tsv, classification/CHS.tsv, gmm/components.tsv
    resources: tmpdir=/tmp

[Wed Sep  9 23:05:12 2026]
Finished job 0.
147 of 147 steps (100%) done
Complete log: .snakemake/log/2026-09-09T180815.484026.snakemake.log
